<?xml version="1.1" encoding="UTF-8"?>

<project i18n.job.generated.documetation="Generated documentation" i18n.job.project.name="Project Name" i18n.job.generated.date="GENERATION DATE" i18n.job.author="AUTHOR" i18n.job.summary="Summary" i18n.job.project.description="Project Description" i18n.job.job.description="Description" i18n.job.job.preview.picture="Preview Picture" i18n.job.job.setting="Settings" i18n.job.context.list="Context List" i18n.job.component.list="Component List" i18n.job.components.description="Components Description" i18n.job.source.code="Source Code" i18n.job.properties="Properties" i18n.job.values="Values" i18n.job.name="Name" i18n.job.language="Language" i18n.job.description="Description" i18n.job.author.min="Author" i18n.job.version="Version" i18n.job.purpose="Purpose" i18n.job.status="Status" i18n.job.creation="Creation" i18n.job.modification="Modification" i18n.job.extract.settings="Extra settings" i18n.job.value="Value" i18n.job.stats.logs="Status &amp; Logs" i18n.job.context="Context" i18n.job.promt="Prompt" i18n.job.need.promt="Need Prompt?" i18n.job.type="Type" i18n.job.source="Source" i18n.job.component.name="Component Name" i18n.job.component.type="Component Type" i18n.job.component="Component" i18n.job.unique.name="UNIQUE NAME" i18n.job.input="INPUT(S)" i18n.job.label="LABEL" i18n.job.output="OUTPUT(S)" i18n.job.component.parameters="Component Parameters:" i18n.job.schema.for="Schema for " i18n.job.column="Column" i18n.job.key="Key" i18n.job.length="Length" i18n.job.precision="Precision" i18n.job.nullable="Nullable" i18n.job.comment="Comment" i18n.job.original.function.parameters="Original Function Parameters:" i18n.job.ended="ended" i18n.job.content="content" i18n.route.manifest.type="Type" i18n.route.manifest.value="Value" i18n.route.resource.name="Name" i18n.route.resource.version="Version" i18n.route.resource.path="Path" name="Project_DWBI" logo="pictures/logo.jpg" title="Generated by Talend Real-time Big Data Platform" link="http://www.talend.com" language="java" generatedDate="Dec 10, 2019 11:38:20 PM" versionName="Talend Real-time VERSION " version="7.1.1.20181026_1147" docType="Jobs" company="">
  <pro-description><![CDATA[]]></pro-description>
  <job name="fact_student_behavior_resolution_al" author="user@talend.com" i18n.job.extract.settings.type="i18n.job.extract.settings" i18n.job.stats.logs.type="i18n.job.stats.logs" version="0.1" purpose="" status="" creation="Dec 10, 2019 9:52:14 PM" modification="Dec 10, 2019 11:10:01 PM">
    <description><![CDATA[<br/>]]></description>
    <preview picture="pictures/fact_student_behavior_resolution_al_0.1.png"/>
    <contextList>
      <context name="Default"/>
    </contextList>
    <jobSetting>
      <extra>
        <jobParameter name="COMP_DEFAULT_FILE_DIR" value=""/>
        <jobParameter name="Multi thread execution" value="false"/>
        <jobParameter name="Implicit tContextLoad" value="false"/>
      </extra>
      <Statslogs>
        <jobParameter name="Use statistics (tStatCatcher)" value="false"/>
        <jobParameter name="Use logs (tLogCatcher)" value="false"/>
        <jobParameter name="Use volumetrics (tFlowMeterCatcher)" value="false"/>
        <jobParameter name="On Console" value="false"/>
        <jobParameter name="On Files" value="false"/>
        <jobParameter name="On Databases" value="false"/>
        <jobParameter name="Catch components statistics" value="false"/>
        <jobParameter name="Catch runtime errors" value="true"/>
        <jobParameter name="Catch user errors" value="true"/>
        <jobParameter name="Catch user warnings" value="true"/>
      </Statslogs>
    </jobSetting>
    <componentList>
      <componentItem name="tDBInput_1" link="tDBInput_1" type="tMysqlInput" leftTopX="192" leftTopY="224" rightBottomX="224" rightBottomY="256"/>
      <componentItem name="tDBInput_2" link="tDBInput_2" type="tMysqlInput" leftTopX="192" leftTopY="352" rightBottomX="224" rightBottomY="384"/>
      <componentItem name="tDBInput_3" link="tDBInput_3" type="tMysqlInput" leftTopX="192" leftTopY="448" rightBottomX="224" rightBottomY="480"/>
      <componentItem name="tDBInput_4" link="tDBInput_4" type="tMysqlInput" leftTopX="192" leftTopY="672" rightBottomX="224" rightBottomY="704"/>
      <componentItem name="tDBOutput_1" link="tDBOutput_1" type="tMysqlOutput" leftTopX="1056" leftTopY="256" rightBottomX="1088" rightBottomY="288"/>
      <componentItem name="tMap_1" link="tMap_1" type="tMap" leftTopX="576" leftTopY="288" rightBottomX="608" rightBottomY="320"/>
    </componentList>
    <internalNodeComponents>
      <component icon="pictures/tDBInput_1.png" uniqueName="tDBInput_1" label="__TABLE__">
        <input>none</input>
        <output link="tMap_1">tMap_1</output>
        <componentType>tMysqlInput</componentType>
        <parameters>
          <column name="Database" value="tMysqlInput"/>
          <column name="Unique Name" value="tDBInput_1"/>
          <column name="Component Name" value="tMysqlInput"/>
          <column name="Version" value="0.102 (ALPHA)"/>
          <column name="Family" value="Databases/DB Specifics/MySQL"/>
          <column name="Start" value="true"/>
          <column name="Startable" value="true"/>
          <column name="SUBTREE_START" value="true"/>
          <column name="END_OF_FLOW" value="false"/>
          <column name="Activate" value="true"/>
          <column name="DUMMY" value="false"/>
          <column name="tStatCatcher Statistics" value="false"/>
          <column name="Help" value="org.talend.help.tMysqlInput"/>
          <column name="Update components" value="true"/>
          <column name="IREPORT_PATH" value=""/>
          <column name="JAVA_LIBRARY_PATH" value="C:\Program Files (x86)\Talend-Studio\studio\configuration\lib\java"/>
          <column name="Subjob color" value=""/>
          <column name="Title color" value=""/>
          <column name="Enable parallel execution" value="false"/>
          <column name="Number of parallel executions" value="2"/>
          <column name="PARALLELIZE_KEEP_EMPTY" value="false"/>
          <column name="Property Type" value="repository: DB (MYSQL):schools_al"/>
          <column name="DB Version" value="MYSQL_8"/>
          <column name="Use an existing connection" value="false"/>
          <column name="Component List" value=""/>
          <column name="Host" value="&quot;localhost&quot;"/>
          <column name="Port" value="&quot;3306&quot;"/>
          <column name="Database" value="&quot;schools_al&quot;"/>
          <column name="Database Driver" value="MYSQL"/>
          <column name="Username" value="&quot;root&quot;"/>
          <column name="Password" value="*********"/>
          <column name="REPOSITORY_ALLOW_AUTO_SWITCH" value="true"/>
          <column name="Schema" value="Built-In"/>
          <column name="Table Name" value="&quot;student_behavior_resolution_al&quot;"/>
          <column name="Query Type" value="Built-In"/>
          <column name="Guess Schema" value="&quot;&quot;"/>
          <column name="Query" value="&quot;SELECT 
  `student_behavior_resolution_al`.`Resolution_id`, 
  `student_behavior_resolution_al`.`Resolution_Number`, 
  `student_behavior_resolution_al`.`Event_Number`, 
  `student_behavior_resolution_al`.`Behavior_Resolution_Code`, 
  `student_behavior_resolution_al`.`Start_Date`, 
  `student_behavior_resolution_al`.`End_Date`, 
  `student_behavior_resolution_al`.`Expulsion_Service_Flag`, 
  `student_behavior_resolution_al`.`District_Area_Code`, 
  `student_behavior_resolution_al`.`CreateDate`, 
  `student_behavior_resolution_al`.`DI_Job_ID`, 
  `student_behavior_resolution_al`.`DI_Create_Date`
FROM `student_behavior_resolution_al`&quot;"/>
          <column name="Specify a data source alias" value="false"/>
          <column name="Data source alias" value="&quot;&quot;"/>
          <column name="Mapping" value="mysql_id"/>
          <column name="Additional JDBC Parameters" value="&quot;noDatetimeStringSync=true&amp;useSSL=False&quot;"/>
          <column name="Encoding" value="&quot;ISO-8859-15&quot;"/>
          <column name="Enable stream" value="false"/>
          <column name="Trim all the String/Char columns" value="false"/>
          <column name="Trim column" value="[{SCHEMA_COLUMN=Resolution_id, TRIM=false}, {SCHEMA_COLUMN=Resolution_Number, TRIM=false}, {SCHEMA_COLUMN=Event_Number, TRIM=false}, {SCHEMA_COLUMN=Behavior_Resolution_Code, TRIM=false}, {SCHEMA_COLUMN=Start_Date, TRIM=false}, {SCHEMA_COLUMN=End_Date, TRIM=false}, {SCHEMA_COLUMN=Expulsion_Service_Flag, TRIM=false}, {SCHEMA_COLUMN=District_Area_Code, TRIM=false}, {SCHEMA_COLUMN=CreateDate, TRIM=false}, {SCHEMA_COLUMN=DI_Job_ID, TRIM=false}, {SCHEMA_COLUMN=DI_Create_Date, TRIM=false}]"/>
          <column name="Label format" value="__TABLE__"/>
          <column name="Hint format" value="&lt;b&gt;__UNIQUE_NAME__&lt;/b&gt;&lt;br&gt;__COMMENT__"/>
          <column name="Connection format" value="row"/>
          <column name="Show Information" value="false"/>
          <column name="Comment" value=""/>
          <column name="Use an existing validation rule" value="false"/>
          <column name="Validation Rule Type" value=""/>
        </parameters>
        <schemas>
          <schema name="student_behavior_resolution_al">
            <column name="Resolution_id" key="true" type="int" length="10" precision="" nullable="false" comment=""/>
            <column name="Resolution_Number" key="false" type="int" length="10" precision="" nullable="false" comment=""/>
            <column name="Event_Number" key="false" type="Integer" length="10" precision="" nullable="true" comment=""/>
            <column name="Behavior_Resolution_Code" key="false" type="String" length="5" precision="" nullable="false" comment=""/>
            <column name="Start_Date" key="false" type="java.util.Date" length="10" precision="" nullable="true" comment=""/>
            <column name="End_Date" key="false" type="java.util.Date" length="10" precision="" nullable="true" comment=""/>
            <column name="Expulsion_Service_Flag" key="false" type="Integer" length="10" precision="" nullable="true" comment=""/>
            <column name="District_Area_Code" key="false" type="String" length="2" precision="" nullable="true" comment=""/>
            <column name="CreateDate" key="false" type="java.util.Date" length="26" precision="" nullable="true" comment=""/>
            <column name="DI_Job_ID" key="false" type="String" length="20" precision="" nullable="true" comment=""/>
            <column name="DI_Create_Date" key="false" type="java.util.Date" length="26" precision="" nullable="false" comment=""/>
          </schema>
        </schemas>
      </component>
      <component icon="pictures/tDBInput_2.png" uniqueName="tDBInput_2" label="__TABLE__">
        <input>none</input>
        <output link="tMap_1">tMap_1</output>
        <componentType>tMysqlInput</componentType>
        <parameters>
          <column name="Database" value="tMysqlInput"/>
          <column name="Unique Name" value="tDBInput_2"/>
          <column name="Component Name" value="tMysqlInput"/>
          <column name="Version" value="0.102 (ALPHA)"/>
          <column name="Family" value="Databases/DB Specifics/MySQL"/>
          <column name="Start" value="false"/>
          <column name="Startable" value="true"/>
          <column name="SUBTREE_START" value="false"/>
          <column name="END_OF_FLOW" value="false"/>
          <column name="Activate" value="true"/>
          <column name="DUMMY" value="false"/>
          <column name="tStatCatcher Statistics" value="false"/>
          <column name="Help" value="org.talend.help.tMysqlInput"/>
          <column name="Update components" value="true"/>
          <column name="IREPORT_PATH" value=""/>
          <column name="JAVA_LIBRARY_PATH" value="C:\Program Files (x86)\Talend-Studio\studio\configuration\lib\java"/>
          <column name="Subjob color" value=""/>
          <column name="Title color" value=""/>
          <column name="Enable parallel execution" value="false"/>
          <column name="Number of parallel executions" value="2"/>
          <column name="PARALLELIZE_KEEP_EMPTY" value="false"/>
          <column name="Property Type" value="repository: DB (MYSQL):schools_dw"/>
          <column name="DB Version" value="MYSQL_8"/>
          <column name="Use an existing connection" value="false"/>
          <column name="Component List" value=""/>
          <column name="Host" value="&quot;localhost&quot;"/>
          <column name="Port" value="&quot;3306&quot;"/>
          <column name="Database" value="&quot;schools_dw&quot;"/>
          <column name="Database Driver" value="MYSQL"/>
          <column name="Username" value="&quot;root&quot;"/>
          <column name="Password" value="*********"/>
          <column name="REPOSITORY_ALLOW_AUTO_SWITCH" value="true"/>
          <column name="Schema" value="Built-In"/>
          <column name="Table Name" value="&quot;dim_behavior_resolution_type&quot;"/>
          <column name="Query Type" value="Built-In"/>
          <column name="Guess Schema" value="&quot;&quot;"/>
          <column name="Query" value="&quot;SELECT 
  `dim_behavior_resolution_type`.`Behavior_Resolution_SK`, 
  `dim_behavior_resolution_type`.`Behavior_Resolution_id`, 
  `dim_behavior_resolution_type`.`Behavior_Resolution_Desc`, 
  `dim_behavior_resolution_type`.`Behavior_Resolution_Code`, 
  `dim_behavior_resolution_type`.`SOR_ID`, 
  `dim_behavior_resolution_type`.`DI_Job_ID`, 
  `dim_behavior_resolution_type`.`DI_Create_Date`, 
  `dim_behavior_resolution_type`.`DI_Modified_Date`
FROM `dim_behavior_resolution_type`&quot;"/>
          <column name="Specify a data source alias" value="false"/>
          <column name="Data source alias" value="&quot;&quot;"/>
          <column name="Mapping" value="mysql_id"/>
          <column name="Additional JDBC Parameters" value="&quot;noDatetimeStringSync=true&amp;useSSL=False&quot;"/>
          <column name="Encoding" value="&quot;ISO-8859-15&quot;"/>
          <column name="Enable stream" value="false"/>
          <column name="Trim all the String/Char columns" value="false"/>
          <column name="Trim column" value="[{SCHEMA_COLUMN=Behavior_Resolution_SK, TRIM=false}, {SCHEMA_COLUMN=Behavior_Resolution_id, TRIM=false}, {SCHEMA_COLUMN=Behavior_Resolution_Desc, TRIM=false}, {SCHEMA_COLUMN=Behavior_Resolution_Code, TRIM=false}, {SCHEMA_COLUMN=SOR_ID, TRIM=false}, {SCHEMA_COLUMN=DI_Job_ID, TRIM=false}, {SCHEMA_COLUMN=DI_Create_Date, TRIM=false}, {SCHEMA_COLUMN=DI_Modified_Date, TRIM=false}]"/>
          <column name="Label format" value="__TABLE__"/>
          <column name="Hint format" value="&lt;b&gt;__UNIQUE_NAME__&lt;/b&gt;&lt;br&gt;__COMMENT__"/>
          <column name="Connection format" value="row"/>
          <column name="Show Information" value="false"/>
          <column name="Comment" value=""/>
          <column name="Use an existing validation rule" value="false"/>
          <column name="Validation Rule Type" value=""/>
        </parameters>
        <schemas>
          <schema name="dim_behavior_resolution_type">
            <column name="Behavior_Resolution_SK" key="true" type="int" length="10" precision="" nullable="false" comment=""/>
            <column name="Behavior_Resolution_id" key="false" type="int" length="10" precision="" nullable="false" comment=""/>
            <column name="Behavior_Resolution_Desc" key="false" type="String" length="150" precision="" nullable="false" comment=""/>
            <column name="Behavior_Resolution_Code" key="false" type="String" length="5" precision="" nullable="false" comment=""/>
            <column name="SOR_ID" key="false" type="int" length="10" precision="" nullable="false" comment=""/>
            <column name="DI_Job_ID" key="false" type="String" length="20" precision="" nullable="true" comment=""/>
            <column name="DI_Create_Date" key="false" type="java.util.Date" length="26" precision="" nullable="false" comment=""/>
            <column name="DI_Modified_Date" key="false" type="java.util.Date" length="26" precision="" nullable="false" comment=""/>
          </schema>
        </schemas>
      </component>
      <component icon="pictures/tDBInput_3.png" uniqueName="tDBInput_3" label="__TABLE__">
        <input>none</input>
        <output link="tMap_1">tMap_1</output>
        <componentType>tMysqlInput</componentType>
        <parameters>
          <column name="Database" value="tMysqlInput"/>
          <column name="Unique Name" value="tDBInput_3"/>
          <column name="Component Name" value="tMysqlInput"/>
          <column name="Version" value="0.102 (ALPHA)"/>
          <column name="Family" value="Databases/DB Specifics/MySQL"/>
          <column name="Start" value="false"/>
          <column name="Startable" value="true"/>
          <column name="SUBTREE_START" value="false"/>
          <column name="END_OF_FLOW" value="false"/>
          <column name="Activate" value="true"/>
          <column name="DUMMY" value="false"/>
          <column name="tStatCatcher Statistics" value="false"/>
          <column name="Help" value="org.talend.help.tMysqlInput"/>
          <column name="Update components" value="true"/>
          <column name="IREPORT_PATH" value=""/>
          <column name="JAVA_LIBRARY_PATH" value="C:\Program Files (x86)\Talend-Studio\studio\configuration\lib\java"/>
          <column name="Subjob color" value=""/>
          <column name="Title color" value=""/>
          <column name="Enable parallel execution" value="false"/>
          <column name="Number of parallel executions" value="2"/>
          <column name="PARALLELIZE_KEEP_EMPTY" value="false"/>
          <column name="Property Type" value="repository: DB (MYSQL):schools_dw"/>
          <column name="DB Version" value="MYSQL_8"/>
          <column name="Use an existing connection" value="false"/>
          <column name="Component List" value=""/>
          <column name="Host" value="&quot;localhost&quot;"/>
          <column name="Port" value="&quot;3306&quot;"/>
          <column name="Database" value="&quot;schools_dw&quot;"/>
          <column name="Database Driver" value="MYSQL"/>
          <column name="Username" value="&quot;root&quot;"/>
          <column name="Password" value="*********"/>
          <column name="REPOSITORY_ALLOW_AUTO_SWITCH" value="true"/>
          <column name="Schema" value="Built-In"/>
          <column name="Table Name" value="&quot;dim_school_district&quot;"/>
          <column name="Query Type" value="Built-In"/>
          <column name="Guess Schema" value="&quot;&quot;"/>
          <column name="Query" value="&quot;SELECT 
  `dim_school_district`.`District_Id`, 
  `dim_school_district`.`District_Area_Code`, 
  `dim_school_district`.`District_Area_Name`, 
  `dim_school_district`.`DI_Job_ID`, 
  `dim_school_district`.`DI_Create_Date`
FROM `dim_school_district`&quot;"/>
          <column name="Specify a data source alias" value="false"/>
          <column name="Data source alias" value="&quot;&quot;"/>
          <column name="Mapping" value="mysql_id"/>
          <column name="Additional JDBC Parameters" value="&quot;noDatetimeStringSync=true&amp;useSSL=False&quot;"/>
          <column name="Encoding" value="&quot;ISO-8859-15&quot;"/>
          <column name="Enable stream" value="false"/>
          <column name="Trim all the String/Char columns" value="false"/>
          <column name="Trim column" value="[{SCHEMA_COLUMN=District_Id, TRIM=false}, {SCHEMA_COLUMN=District_Area_Code, TRIM=false}, {SCHEMA_COLUMN=District_Area_Name, TRIM=false}, {SCHEMA_COLUMN=DI_Job_ID, TRIM=false}, {SCHEMA_COLUMN=DI_Create_Date, TRIM=false}]"/>
          <column name="Label format" value="__TABLE__"/>
          <column name="Hint format" value="&lt;b&gt;__UNIQUE_NAME__&lt;/b&gt;&lt;br&gt;__COMMENT__"/>
          <column name="Connection format" value="row"/>
          <column name="Show Information" value="false"/>
          <column name="Comment" value=""/>
          <column name="Use an existing validation rule" value="false"/>
          <column name="Validation Rule Type" value=""/>
        </parameters>
        <schemas>
          <schema name="dim_school_district">
            <column name="District_Id" key="true" type="int" length="10" precision="" nullable="false" comment=""/>
            <column name="District_Area_Code" key="false" type="String" length="2" precision="" nullable="true" comment=""/>
            <column name="District_Area_Name" key="false" type="String" length="100" precision="" nullable="true" comment=""/>
            <column name="DI_Job_ID" key="false" type="String" length="20" precision="" nullable="true" comment=""/>
            <column name="DI_Create_Date" key="false" type="java.util.Date" length="26" precision="" nullable="false" comment=""/>
          </schema>
        </schemas>
      </component>
      <component icon="pictures/tDBInput_4.png" uniqueName="tDBInput_4" label="__TABLE__">
        <input>none</input>
        <output link="tMap_1">tMap_1</output>
        <componentType>tMysqlInput</componentType>
        <parameters>
          <column name="Database" value="tMysqlInput"/>
          <column name="Unique Name" value="tDBInput_4"/>
          <column name="Component Name" value="tMysqlInput"/>
          <column name="Version" value="0.102 (ALPHA)"/>
          <column name="Family" value="Databases/DB Specifics/MySQL"/>
          <column name="Start" value="false"/>
          <column name="Startable" value="true"/>
          <column name="SUBTREE_START" value="false"/>
          <column name="END_OF_FLOW" value="false"/>
          <column name="Activate" value="true"/>
          <column name="DUMMY" value="false"/>
          <column name="tStatCatcher Statistics" value="false"/>
          <column name="Help" value="org.talend.help.tMysqlInput"/>
          <column name="Update components" value="true"/>
          <column name="IREPORT_PATH" value=""/>
          <column name="JAVA_LIBRARY_PATH" value="C:\Program Files (x86)\Talend-Studio\studio\configuration\lib\java"/>
          <column name="Subjob color" value=""/>
          <column name="Title color" value=""/>
          <column name="Enable parallel execution" value="false"/>
          <column name="Number of parallel executions" value="2"/>
          <column name="PARALLELIZE_KEEP_EMPTY" value="false"/>
          <column name="Property Type" value="repository: DB (MYSQL):schools_dw"/>
          <column name="DB Version" value="MYSQL_8"/>
          <column name="Use an existing connection" value="false"/>
          <column name="Component List" value=""/>
          <column name="Host" value="&quot;localhost&quot;"/>
          <column name="Port" value="&quot;3306&quot;"/>
          <column name="Database" value="&quot;schools_dw&quot;"/>
          <column name="Database Driver" value="MYSQL"/>
          <column name="Username" value="&quot;root&quot;"/>
          <column name="Password" value="*********"/>
          <column name="REPOSITORY_ALLOW_AUTO_SWITCH" value="true"/>
          <column name="Schema" value="Built-In"/>
          <column name="Table Name" value="&quot;fact_student_behavior&quot;"/>
          <column name="Query Type" value="Built-In"/>
          <column name="Guess Schema" value="&quot;&quot;"/>
          <column name="Query" value="&quot;SELECT 
  `fact_student_behavior`.`Event_SK`, 
  `fact_student_behavior`.`Event_id`, 
  `fact_student_behavior`.`Event_Number`, 
  `fact_student_behavior`.`Behavior_Date_SK`, 
  `fact_student_behavior`.`Behavior_Date`, 
  `fact_student_behavior`.`School_SK`, 
  `fact_student_behavior`.`Student_SK`, 
  `fact_student_behavior`.`Behavior_Event_SK`, 
  `fact_student_behavior`.`Behavior_Location_SK`, 
  `fact_student_behavior`.`Behavior_Role_SK`, 
  `fact_student_behavior`.`Grade_Id`, 
  `fact_student_behavior`.`Grade_Name`, 
  `fact_student_behavior`.`Violence_Flag`, 
  `fact_student_behavior`.`Weapon_Id`, 
  `fact_student_behavior`.`Current_Flag`, 
  `fact_student_behavior`.`Staff_SK`, 
  `fact_student_behavior`.`District_Id`, 
  `fact_student_behavior`.`SOR_ID`, 
  `fact_student_behavior`.`DI_Job_ID`, 
  `fact_student_behavior`.`DI_Create_Date`, 
  `fact_student_behavior`.`DI_Modified_Date`
FROM `fact_student_behavior`&quot;"/>
          <column name="Specify a data source alias" value="false"/>
          <column name="Data source alias" value="&quot;&quot;"/>
          <column name="Mapping" value="mysql_id"/>
          <column name="Additional JDBC Parameters" value="&quot;noDatetimeStringSync=true&amp;useSSL=False&quot;"/>
          <column name="Encoding" value="&quot;ISO-8859-15&quot;"/>
          <column name="Enable stream" value="false"/>
          <column name="Trim all the String/Char columns" value="false"/>
          <column name="Trim column" value="[{SCHEMA_COLUMN=Event_SK, TRIM=false}, {SCHEMA_COLUMN=Event_id, TRIM=false}, {SCHEMA_COLUMN=Event_Number, TRIM=false}, {SCHEMA_COLUMN=Behavior_Date_SK, TRIM=false}, {SCHEMA_COLUMN=Behavior_Date, TRIM=false}, {SCHEMA_COLUMN=School_SK, TRIM=false}, {SCHEMA_COLUMN=Student_SK, TRIM=false}, {SCHEMA_COLUMN=Behavior_Event_SK, TRIM=false}, {SCHEMA_COLUMN=Behavior_Location_SK, TRIM=false}, {SCHEMA_COLUMN=Behavior_Role_SK, TRIM=false}, {SCHEMA_COLUMN=Grade_Id, TRIM=false}, {SCHEMA_COLUMN=Grade_Name, TRIM=false}, {SCHEMA_COLUMN=Violence_Flag, TRIM=false}, {SCHEMA_COLUMN=Weapon_Id, TRIM=false}, {SCHEMA_COLUMN=Current_Flag, TRIM=false}, {SCHEMA_COLUMN=Staff_SK, TRIM=false}, {SCHEMA_COLUMN=District_Id, TRIM=false}, {SCHEMA_COLUMN=SOR_ID, TRIM=false}, {SCHEMA_COLUMN=DI_Job_ID, TRIM=false}, {SCHEMA_COLUMN=DI_Create_Date, TRIM=false}, {SCHEMA_COLUMN=DI_Modified_Date, TRIM=false}]"/>
          <column name="Label format" value="__TABLE__"/>
          <column name="Hint format" value="&lt;b&gt;__UNIQUE_NAME__&lt;/b&gt;&lt;br&gt;__COMMENT__"/>
          <column name="Connection format" value="row"/>
          <column name="Show Information" value="false"/>
          <column name="Comment" value=""/>
          <column name="Use an existing validation rule" value="false"/>
          <column name="Validation Rule Type" value=""/>
        </parameters>
        <schemas>
          <schema name="fact_student_behavior">
            <column name="Event_SK" key="true" type="int" length="10" precision="" nullable="false" comment=""/>
            <column name="Event_id" key="false" type="int" length="10" precision="" nullable="false" comment=""/>
            <column name="Event_Number" key="false" type="int" length="10" precision="" nullable="false" comment=""/>
            <column name="Behavior_Date_SK" key="false" type="Integer" length="10" precision="" nullable="true" comment=""/>
            <column name="Behavior_Date" key="false" type="java.util.Date" length="10" precision="" nullable="true" comment=""/>
            <column name="School_SK" key="false" type="Integer" length="10" precision="" nullable="true" comment=""/>
            <column name="Student_SK" key="false" type="Integer" length="10" precision="" nullable="true" comment=""/>
            <column name="Behavior_Event_SK" key="false" type="Integer" length="10" precision="" nullable="true" comment=""/>
            <column name="Behavior_Location_SK" key="false" type="Integer" length="10" precision="" nullable="true" comment=""/>
            <column name="Behavior_Role_SK" key="false" type="Integer" length="10" precision="" nullable="true" comment=""/>
            <column name="Grade_Id" key="false" type="Integer" length="10" precision="" nullable="true" comment=""/>
            <column name="Grade_Name" key="false" type="String" length="5" precision="" nullable="false" comment=""/>
            <column name="Violence_Flag" key="false" type="Integer" length="10" precision="" nullable="true" comment=""/>
            <column name="Weapon_Id" key="false" type="Integer" length="10" precision="" nullable="true" comment=""/>
            <column name="Current_Flag" key="false" type="Integer" length="10" precision="" nullable="true" comment=""/>
            <column name="Staff_SK" key="false" type="Integer" length="10" precision="" nullable="true" comment=""/>
            <column name="District_Id" key="false" type="Integer" length="10" precision="" nullable="true" comment=""/>
            <column name="SOR_ID" key="false" type="int" length="10" precision="" nullable="false" comment=""/>
            <column name="DI_Job_ID" key="false" type="String" length="20" precision="" nullable="true" comment=""/>
            <column name="DI_Create_Date" key="false" type="java.util.Date" length="26" precision="" nullable="false" comment=""/>
            <column name="DI_Modified_Date" key="false" type="java.util.Date" length="26" precision="" nullable="false" comment=""/>
          </schema>
        </schemas>
      </component>
      <component icon="pictures/tDBOutput_1.png" uniqueName="tDBOutput_1" label="__TABLE__">
        <input link="tMap_1">tMap_1</input>
        <input link="tDBInput_2">tDBInput_2</input>
        <input link="tDBInput_3">tDBInput_3</input>
        <input link="tDBInput_4">tDBInput_4</input>
        <output>none</output>
        <componentType>tMysqlOutput</componentType>
        <parameters>
          <column name="Database" value="tMysqlOutput"/>
          <column name="Unique Name" value="tDBOutput_1"/>
          <column name="Component Name" value="tMysqlOutput"/>
          <column name="Version" value="0.102 (ALPHA)"/>
          <column name="Family" value="Databases/DB Specifics/MySQL"/>
          <column name="Startable" value="false"/>
          <column name="SUBTREE_START" value="false"/>
          <column name="END_OF_FLOW" value="true"/>
          <column name="Activate" value="true"/>
          <column name="DUMMY" value="false"/>
          <column name="tStatCatcher Statistics" value="false"/>
          <column name="Help" value="org.talend.help.tMysqlOutput"/>
          <column name="Update components" value="true"/>
          <column name="IREPORT_PATH" value=""/>
          <column name="JAVA_LIBRARY_PATH" value="C:\Program Files (x86)\Talend-Studio\studio\configuration\lib\java"/>
          <column name="Subjob color" value=""/>
          <column name="Title color" value=""/>
          <column name="Enable parallel execution" value="false"/>
          <column name="Number of parallel executions" value="2"/>
          <column name="PARALLELIZE_KEEP_EMPTY" value="false"/>
          <column name="Property Type" value="repository: DB (MYSQL):schools_dw"/>
          <column name="DB Version" value="MYSQL_8"/>
          <column name="Use an existing connection" value="false"/>
          <column name="Component List" value=""/>
          <column name="Database Driver" value="MYSQL"/>
          <column name="Host" value="&quot;localhost&quot;"/>
          <column name="Port" value="&quot;3306&quot;"/>
          <column name="Database" value="&quot;schools_dw&quot;"/>
          <column name="Username" value="&quot;root&quot;"/>
          <column name="Password" value="*********"/>
          <column name="Table" value="&quot;fact_student_behavior_resolution&quot;"/>
          <column name="Action on table" value="NONE"/>
          <column name="Action on data" value="INSERT"/>
          <column name="REPOSITORY_ALLOW_AUTO_SWITCH" value="true"/>
          <column name="Schema" value="Built-In"/>
          <column name="Reject Schema" value="Built-In"/>
          <column name="Specify a data source alias" value="false"/>
          <column name="Data source alias" value="&quot;&quot;"/>
          <column name="Die on error" value="false"/>
          <column name="Mapping" value="mysql_id"/>
          <column name="Additional JDBC Parameters" value="&quot;noDatetimeStringSync=true&amp;useSSL=False&quot;"/>
          <column name="Extend Insert" value="true"/>
          <column name="Number of rows per insert" value="100"/>
          <column name="Use Batch Size" value="true"/>
          <column name="Batch Size" value="10000"/>
          <column name="Encoding" value="&quot;ISO-8859-15&quot;"/>
          <column name="Commit every" value="10000"/>
          <column name="Additional columns" value="[]"/>
          <column name="Use field options" value="false"/>
          <column name="Field options" value="[{SCHEMA_COLUMN=Resolution_SK, UPDATE_KEY=false, DELETE_KEY=false, UPDATABLE=true, INSERTABLE=true}, {SCHEMA_COLUMN=Resolution_id, UPDATE_KEY=false, DELETE_KEY=false, UPDATABLE=true, INSERTABLE=true}, {SCHEMA_COLUMN=Resolution_Number, UPDATE_KEY=false, DELETE_KEY=false, UPDATABLE=true, INSERTABLE=true}, {SCHEMA_COLUMN=Event_SK, UPDATE_KEY=false, DELETE_KEY=false, UPDATABLE=true, INSERTABLE=true}, {SCHEMA_COLUMN=Behavior_Resolution_SK, UPDATE_KEY=false, DELETE_KEY=false, UPDATABLE=true, INSERTABLE=true}, {SCHEMA_COLUMN=Resolution_Start_SK, UPDATE_KEY=false, DELETE_KEY=false, UPDATABLE=true, INSERTABLE=true}, {SCHEMA_COLUMN=Resolution_End_SK, UPDATE_KEY=false, DELETE_KEY=false, UPDATABLE=true, INSERTABLE=true}, {SCHEMA_COLUMN=Resolution_Start_Date, UPDATE_KEY=false, DELETE_KEY=false, UPDATABLE=true, INSERTABLE=true}, {SCHEMA_COLUMN=Resolution_End_Date, UPDATE_KEY=false, DELETE_KEY=false, UPDATABLE=true, INSERTABLE=true}, {SCHEMA_COLUMN=Expulsion_Service_Flag, UPDATE_KEY=false, DELETE_KEY=false, UPDATABLE=true, INSERTABLE=true}, {SCHEMA_COLUMN=District_Id, UPDATE_KEY=false, DELETE_KEY=false, UPDATABLE=true, INSERTABLE=true}, {SCHEMA_COLUMN=SOR_ID, UPDATE_KEY=false, DELETE_KEY=false, UPDATABLE=true, INSERTABLE=true}, {SCHEMA_COLUMN=DI_Job_ID, UPDATE_KEY=false, DELETE_KEY=false, UPDATABLE=true, INSERTABLE=true}, {SCHEMA_COLUMN=DI_Create_Date, UPDATE_KEY=false, DELETE_KEY=false, UPDATABLE=true, INSERTABLE=true}, {SCHEMA_COLUMN=DI_Modified_Date, UPDATE_KEY=false, DELETE_KEY=false, UPDATABLE=true, INSERTABLE=true}]"/>
          <column name="Use Hint Options" value="false"/>
          <column name="Hint Options" value="[]"/>
          <column name="Enable debug mode" value="false"/>
          <column name="Use duplicate key update mode insert" value="false"/>
          <column name="DUPLICATED_KEYS" value="[]"/>
          <column name="Support null in &quot;SQL WHERE&quot; statement" value="false"/>
          <column name="Label format" value="__TABLE__"/>
          <column name="Hint format" value="&lt;b&gt;__UNIQUE_NAME__&lt;/b&gt;&lt;br&gt;__COMMENT__"/>
          <column name="Connection format" value="row"/>
          <column name="Show Information" value="false"/>
          <column name="Comment" value=""/>
          <column name="Use an existing validation rule" value="false"/>
          <column name="Validation Rule Type" value=""/>
        </parameters>
        <schemas>
          <schema name="fact_student_behavior_resolution">
            <column name="Resolution_SK" key="true" type="int" length="10" precision="" nullable="false" comment=""/>
            <column name="Resolution_id" key="false" type="int" length="10" precision="" nullable="false" comment=""/>
            <column name="Resolution_Number" key="false" type="int" length="10" precision="" nullable="false" comment=""/>
            <column name="Event_SK" key="false" type="Integer" length="10" precision="" nullable="true" comment=""/>
            <column name="Behavior_Resolution_SK" key="false" type="int" length="10" precision="" nullable="false" comment=""/>
            <column name="Resolution_Start_SK" key="false" type="Integer" length="10" precision="" nullable="true" comment=""/>
            <column name="Resolution_End_SK" key="false" type="Integer" length="10" precision="" nullable="true" comment=""/>
            <column name="Resolution_Start_Date" key="false" type="java.util.Date" length="10" precision="" nullable="true" comment=""/>
            <column name="Resolution_End_Date" key="false" type="java.util.Date" length="10" precision="" nullable="true" comment=""/>
            <column name="Expulsion_Service_Flag" key="false" type="Integer" length="10" precision="" nullable="true" comment=""/>
            <column name="District_Id" key="false" type="Integer" length="10" precision="" nullable="true" comment=""/>
            <column name="SOR_ID" key="false" type="int" length="10" precision="" nullable="false" comment=""/>
            <column name="DI_Job_ID" key="false" type="String" length="20" precision="" nullable="true" comment=""/>
            <column name="DI_Create_Date" key="false" type="java.util.Date" length="26" precision="" nullable="false" comment=""/>
            <column name="DI_Modified_Date" key="false" type="java.util.Date" length="26" precision="" nullable="false" comment=""/>
          </schema>
        </schemas>
      </component>
    </internalNodeComponents>
    <externalNodeComponents>
      <component icon="pictures/tMap_1.png" uniqueName="tMap_1" label="__UNIQUE_NAME__" preview="pictures/external_preview_tMap_1.png">
        <input link="tMap_1">tMap_1</input>
        <input link="tDBInput_2">tDBInput_2</input>
        <input link="tDBInput_3">tDBInput_3</input>
        <input link="tDBInput_4">tDBInput_4</input>
        <output link="tDBOutput_1">tDBOutput_1</output>
        <componentType>tMap</componentType>
        <!--tMap_1-->
      </component>
    </externalNodeComponents>
    <connections>
      <connection label="row1" lineStyle="0" metaname="tDBInput_1" offsetLabelX="0" offsetLabelY="0" source="tDBInput_1" target="tMap_1"/>
      <connection label="al" lineStyle="0" metaname="al" offsetLabelX="0" offsetLabelY="0" source="tMap_1" target="tDBOutput_1"/>
      <connection label="row2" lineStyle="8" metaname="tDBInput_2" offsetLabelX="0" offsetLabelY="0" source="tDBInput_2" target="tMap_1"/>
      <connection label="row3" lineStyle="8" metaname="tDBInput_3" offsetLabelX="0" offsetLabelY="0" source="tDBInput_3" target="tMap_1"/>
      <connection label="row4" lineStyle="8" metaname="tDBInput_4" offsetLabelX="0" offsetLabelY="0" source="tDBInput_4" target="tMap_1"/>
    </connections>
  </job>
</project>
