<?xml version="1.1" encoding="UTF-8"?>

<project i18n.job.generated.documetation="Generated documentation" i18n.job.project.name="Project Name" i18n.job.generated.date="GENERATION DATE" i18n.job.author="AUTHOR" i18n.job.summary="Summary" i18n.job.project.description="Project Description" i18n.job.job.description="Description" i18n.job.job.preview.picture="Preview Picture" i18n.job.job.setting="Settings" i18n.job.context.list="Context List" i18n.job.component.list="Component List" i18n.job.components.description="Components Description" i18n.job.source.code="Source Code" i18n.job.properties="Properties" i18n.job.values="Values" i18n.job.name="Name" i18n.job.language="Language" i18n.job.description="Description" i18n.job.author.min="Author" i18n.job.version="Version" i18n.job.purpose="Purpose" i18n.job.status="Status" i18n.job.creation="Creation" i18n.job.modification="Modification" i18n.job.extract.settings="Extra settings" i18n.job.value="Value" i18n.job.stats.logs="Status &amp; Logs" i18n.job.context="Context" i18n.job.promt="Prompt" i18n.job.need.promt="Need Prompt?" i18n.job.type="Type" i18n.job.source="Source" i18n.job.component.name="Component Name" i18n.job.component.type="Component Type" i18n.job.component="Component" i18n.job.unique.name="UNIQUE NAME" i18n.job.input="INPUT(S)" i18n.job.label="LABEL" i18n.job.output="OUTPUT(S)" i18n.job.component.parameters="Component Parameters:" i18n.job.schema.for="Schema for " i18n.job.column="Column" i18n.job.key="Key" i18n.job.length="Length" i18n.job.precision="Precision" i18n.job.nullable="Nullable" i18n.job.comment="Comment" i18n.job.original.function.parameters="Original Function Parameters:" i18n.job.ended="ended" i18n.job.content="content" i18n.route.manifest.type="Type" i18n.route.manifest.value="Value" i18n.route.resource.name="Name" i18n.route.resource.version="Version" i18n.route.resource.path="Path" name="Project_DWBI" logo="pictures/logo.jpg" title="Generated by Talend Real-time Big Data Platform" link="http://www.talend.com" language="java" generatedDate="Dec 10, 2019 11:38:17 PM" versionName="Talend Real-time VERSION " version="7.1.1.20181026_1147" docType="Jobs" company="">
  <pro-description><![CDATA[]]></pro-description>
  <job name="fact_student_absence_se" author="" i18n.job.extract.settings.type="i18n.job.extract.settings" i18n.job.stats.logs.type="i18n.job.stats.logs" version="0.1" purpose="" status="" creation="Dec 10, 2019 8:05:50 PM" modification="Dec 10, 2019 8:56:12 PM">
    <description><![CDATA[<br/>]]></description>
    <preview picture="pictures/fact_student_absence_se_0.1.png"/>
    <contextList>
      <context name="Default"/>
    </contextList>
    <jobSetting>
      <extra>
        <jobParameter name="COMP_DEFAULT_FILE_DIR" value=""/>
        <jobParameter name="Multi thread execution" value="false"/>
        <jobParameter name="Implicit tContextLoad" value="false"/>
      </extra>
      <Statslogs>
        <jobParameter name="Use statistics (tStatCatcher)" value="false"/>
        <jobParameter name="Use logs (tLogCatcher)" value="false"/>
        <jobParameter name="Use volumetrics (tFlowMeterCatcher)" value="false"/>
        <jobParameter name="On Console" value="false"/>
        <jobParameter name="On Files" value="false"/>
        <jobParameter name="On Databases" value="false"/>
        <jobParameter name="Catch components statistics" value="false"/>
        <jobParameter name="Catch runtime errors" value="true"/>
        <jobParameter name="Catch user errors" value="true"/>
        <jobParameter name="Catch user warnings" value="true"/>
      </Statslogs>
    </jobSetting>
    <componentList>
      <componentItem name="tDBInput_1" link="tDBInput_1" type="tPostgresqlInput" leftTopX="128" leftTopY="256" rightBottomX="160" rightBottomY="288"/>
      <componentItem name="tDBInput_2" link="tDBInput_2" type="tMysqlInput" leftTopX="128" leftTopY="448" rightBottomX="160" rightBottomY="480"/>
      <componentItem name="tDBInput_3" link="tDBInput_3" type="tMysqlInput" leftTopX="192" leftTopY="608" rightBottomX="224" rightBottomY="640"/>
      <componentItem name="tDBInput_4" link="tDBInput_4" type="tPostgresqlInput" leftTopX="416" leftTopY="608" rightBottomX="448" rightBottomY="640"/>
      <componentItem name="tDBInput_5" link="tDBInput_5" type="tMysqlInput" leftTopX="736" leftTopY="640" rightBottomX="768" rightBottomY="672"/>
      <componentItem name="tDBOutput_1" link="tDBOutput_1" type="tMysqlOutput" leftTopX="1056" leftTopY="256" rightBottomX="1088" rightBottomY="288"/>
      <componentItem name="tMap_1" link="tMap_1" type="tMap" leftTopX="608" leftTopY="256" rightBottomX="640" rightBottomY="288"/>
    </componentList>
    <internalNodeComponents>
      <component icon="pictures/tDBInput_1.png" uniqueName="tDBInput_1" label="__TABLE__">
        <input>none</input>
        <output link="tMap_1">tMap_1</output>
        <componentType>tPostgresqlInput</componentType>
        <parameters>
          <column name="Database" value="tPostgresqlInput"/>
          <column name="Unique Name" value="tDBInput_1"/>
          <column name="Component Name" value="tPostgresqlInput"/>
          <column name="Version" value="0.102 (ALPHA)"/>
          <column name="Family" value="Databases/DB Specifics/PostgreSQL"/>
          <column name="Start" value="true"/>
          <column name="Startable" value="true"/>
          <column name="SUBTREE_START" value="true"/>
          <column name="END_OF_FLOW" value="false"/>
          <column name="Activate" value="true"/>
          <column name="DUMMY" value="false"/>
          <column name="tStatCatcher Statistics" value="false"/>
          <column name="Help" value="org.talend.help.tPostgresqlInput"/>
          <column name="Update components" value="true"/>
          <column name="IREPORT_PATH" value=""/>
          <column name="JAVA_LIBRARY_PATH" value="C:\Program Files (x86)\Talend-Studio\studio\configuration\lib\java"/>
          <column name="Subjob color" value=""/>
          <column name="Title color" value=""/>
          <column name="Enable parallel execution" value="false"/>
          <column name="Number of parallel executions" value="2"/>
          <column name="PARALLELIZE_KEEP_EMPTY" value="false"/>
          <column name="Property Type" value="repository: DB (POSTGRESQL):schools_se"/>
          <column name="Use an existing connection" value="false"/>
          <column name="Component List" value=""/>
          <column name="DB Version" value="V9_X"/>
          <column name="Host" value="&quot;localhost&quot;"/>
          <column name="Database Driver" value="POSTGRESQL"/>
          <column name="Port" value="&quot;5432&quot;"/>
          <column name="Database" value="&quot;schools_se&quot;"/>
          <column name="Schema" value="&quot;public&quot;"/>
          <column name="Username" value="&quot;postgres&quot;"/>
          <column name="Password" value="*********"/>
          <column name="REPOSITORY_ALLOW_AUTO_SWITCH" value="true"/>
          <column name="Schema" value="Built-In"/>
          <column name="Table Name" value="&quot;student_absence_se&quot;"/>
          <column name="Query Type" value="Built-In"/>
          <column name="Guess Schema" value="&quot;&quot;"/>
          <column name="Query" value="&quot;SELECT 
  \&quot;schools_se\&quot;.\&quot;public\&quot;.\&quot;student_absence_se\&quot;.\&quot;absence_id\&quot;, 
  \&quot;schools_se\&quot;.\&quot;public\&quot;.\&quot;student_absence_se\&quot;.\&quot;absence_number\&quot;, 
  \&quot;schools_se\&quot;.\&quot;public\&quot;.\&quot;student_absence_se\&quot;.\&quot;absence_date\&quot;, 
  \&quot;schools_se\&quot;.\&quot;public\&quot;.\&quot;student_absence_se\&quot;.\&quot;school_number\&quot;, 
  \&quot;schools_se\&quot;.\&quot;public\&quot;.\&quot;student_absence_se\&quot;.\&quot;grade_id\&quot;, 
  \&quot;schools_se\&quot;.\&quot;public\&quot;.\&quot;student_absence_se\&quot;.\&quot;student_id\&quot;, 
  \&quot;schools_se\&quot;.\&quot;public\&quot;.\&quot;student_absence_se\&quot;.\&quot;absence_reason_id\&quot;, 
  \&quot;schools_se\&quot;.\&quot;public\&quot;.\&quot;student_absence_se\&quot;.\&quot;section_id\&quot;, 
  \&quot;schools_se\&quot;.\&quot;public\&quot;.\&quot;student_absence_se\&quot;.\&quot;absenceperiods\&quot;, 
  \&quot;schools_se\&quot;.\&quot;public\&quot;.\&quot;student_absence_se\&quot;.\&quot;absenceminutes\&quot;, 
  \&quot;schools_se\&quot;.\&quot;public\&quot;.\&quot;student_absence_se\&quot;.\&quot;tardy\&quot;, 
  \&quot;schools_se\&quot;.\&quot;public\&quot;.\&quot;student_absence_se\&quot;.\&quot;current_flag\&quot;, 
  \&quot;schools_se\&quot;.\&quot;public\&quot;.\&quot;student_absence_se\&quot;.\&quot;createdate\&quot;, 
  \&quot;schools_se\&quot;.\&quot;public\&quot;.\&quot;student_absence_se\&quot;.\&quot;di_job_id\&quot;, 
  \&quot;schools_se\&quot;.\&quot;public\&quot;.\&quot;student_absence_se\&quot;.\&quot;di_create_date\&quot;
FROM \&quot;schools_se\&quot;.\&quot;public\&quot;.\&quot;student_absence_se\&quot;&quot;"/>
          <column name="Specify a data source alias" value="false"/>
          <column name="Data source alias" value="&quot;&quot;"/>
          <column name="Mapping" value="postgres_id"/>
          <column name="Encoding" value="&quot;ISO-8859-15&quot;"/>
          <column name="Use cursor" value="false"/>
          <column name="Cursor size" value="1000"/>
          <column name="Trim all the String/Char columns" value="false"/>
          <column name="Trim column" value="[{SCHEMA_COLUMN=absence_id, TRIM=false}, {SCHEMA_COLUMN=absence_number, TRIM=false}, {SCHEMA_COLUMN=absence_date, TRIM=false}, {SCHEMA_COLUMN=school_number, TRIM=false}, {SCHEMA_COLUMN=grade_id, TRIM=false}, {SCHEMA_COLUMN=student_id, TRIM=false}, {SCHEMA_COLUMN=absence_reason_id, TRIM=false}, {SCHEMA_COLUMN=section_id, TRIM=false}, {SCHEMA_COLUMN=absenceperiods, TRIM=false}, {SCHEMA_COLUMN=absenceminutes, TRIM=false}, {SCHEMA_COLUMN=tardy, TRIM=false}, {SCHEMA_COLUMN=current_flag, TRIM=false}, {SCHEMA_COLUMN=createdate, TRIM=false}, {SCHEMA_COLUMN=di_job_id, TRIM=false}, {SCHEMA_COLUMN=di_create_date, TRIM=false}]"/>
          <column name="Label format" value="__TABLE__"/>
          <column name="Hint format" value="&lt;b&gt;__UNIQUE_NAME__&lt;/b&gt;&lt;br&gt;__COMMENT__"/>
          <column name="Connection format" value="row"/>
          <column name="Show Information" value="false"/>
          <column name="Comment" value=""/>
          <column name="Use an existing validation rule" value="false"/>
          <column name="Validation Rule Type" value=""/>
        </parameters>
        <schemas>
          <schema name="student_absence_se">
            <column name="absence_id" key="true" type="int" length="10" precision="" nullable="false" comment=""/>
            <column name="absence_number" key="false" type="Integer" length="10" precision="" nullable="true" comment=""/>
            <column name="absence_date" key="false" type="java.util.Date" length="13" precision="" nullable="true" comment=""/>
            <column name="school_number" key="false" type="String" length="10" precision="" nullable="true" comment=""/>
            <column name="grade_id" key="false" type="Integer" length="10" precision="" nullable="true" comment=""/>
            <column name="student_id" key="false" type="Integer" length="10" precision="" nullable="true" comment=""/>
            <column name="absence_reason_id" key="false" type="Integer" length="10" precision="" nullable="true" comment=""/>
            <column name="section_id" key="false" type="Integer" length="10" precision="" nullable="true" comment=""/>
            <column name="absenceperiods" key="false" type="Integer" length="10" precision="" nullable="true" comment=""/>
            <column name="absenceminutes" key="false" type="Integer" length="10" precision="" nullable="true" comment=""/>
            <column name="tardy" key="false" type="Integer" length="10" precision="" nullable="true" comment=""/>
            <column name="current_flag" key="false" type="Boolean" length="1" precision="" nullable="true" comment=""/>
            <column name="createdate" key="false" type="java.util.Date" length="13" precision="" nullable="true" comment=""/>
            <column name="di_job_id" key="false" type="String" length="20" precision="" nullable="true" comment=""/>
            <column name="di_create_date" key="false" type="java.util.Date" length="26" precision="3" nullable="false" comment=""/>
          </schema>
        </schemas>
      </component>
      <component icon="pictures/tDBInput_2.png" uniqueName="tDBInput_2" label="__TABLE__">
        <input>none</input>
        <output link="tMap_1">tMap_1</output>
        <componentType>tMysqlInput</componentType>
        <parameters>
          <column name="Database" value="tMysqlInput"/>
          <column name="Unique Name" value="tDBInput_2"/>
          <column name="Component Name" value="tMysqlInput"/>
          <column name="Version" value="0.102 (ALPHA)"/>
          <column name="Family" value="Databases/DB Specifics/MySQL"/>
          <column name="Start" value="false"/>
          <column name="Startable" value="true"/>
          <column name="SUBTREE_START" value="false"/>
          <column name="END_OF_FLOW" value="false"/>
          <column name="Activate" value="true"/>
          <column name="DUMMY" value="false"/>
          <column name="tStatCatcher Statistics" value="false"/>
          <column name="Help" value="org.talend.help.tMysqlInput"/>
          <column name="Update components" value="true"/>
          <column name="IREPORT_PATH" value=""/>
          <column name="JAVA_LIBRARY_PATH" value="C:\Program Files (x86)\Talend-Studio\studio\configuration\lib\java"/>
          <column name="Subjob color" value=""/>
          <column name="Title color" value=""/>
          <column name="Enable parallel execution" value="false"/>
          <column name="Number of parallel executions" value="2"/>
          <column name="PARALLELIZE_KEEP_EMPTY" value="false"/>
          <column name="Property Type" value="repository: DB (MYSQL):schools_dw"/>
          <column name="DB Version" value="MYSQL_8"/>
          <column name="Use an existing connection" value="false"/>
          <column name="Component List" value=""/>
          <column name="Host" value="&quot;localhost&quot;"/>
          <column name="Port" value="&quot;3306&quot;"/>
          <column name="Database" value="&quot;schools_dw&quot;"/>
          <column name="Database Driver" value="MYSQL"/>
          <column name="Username" value="&quot;root&quot;"/>
          <column name="Password" value="*********"/>
          <column name="REPOSITORY_ALLOW_AUTO_SWITCH" value="true"/>
          <column name="Schema" value="Built-In"/>
          <column name="Table Name" value="&quot;dim_schools&quot;"/>
          <column name="Query Type" value="Built-In"/>
          <column name="Guess Schema" value="&quot;&quot;"/>
          <column name="Query" value="&quot;SELECT 
  `dim_schools`.`School_SK`, 
  `dim_schools`.`School_Id`, 
  `dim_schools`.`School_Number`, 
  `dim_schools`.`CDE_School_Id`, 
  `dim_schools`.`School_Name`, 
  `dim_schools`.`School_Num_name`, 
  `dim_schools`.`School_Name_Num`, 
  `dim_schools`.`Status_Flag`, 
  `dim_schools`.`District_Id`, 
  `dim_schools`.`School_Address`, 
  `dim_schools`.`geo_sk`, 
  `dim_schools`.`School_Zip_Code`, 
  `dim_schools`.`School_Latitude`, 
  `dim_schools`.`School_Longitude`, 
  `dim_schools`.`School_County`, 
  `dim_schools`.`NumberOfStudents`, 
  `dim_schools`.`Advisory_Group_Code`, 
  `dim_schools`.`Advisory_Group_Name`, 
  `dim_schools`.`Principal_Last_Name`, 
  `dim_schools`.`Principal_First_Name`, 
  `dim_schools`.`School_Type_ID`, 
  `dim_schools`.`School_Type_Desc`, 
  `dim_schools`.`School_Level_Code`, 
  `dim_schools`.`ELA_School_Type`, 
  `dim_schools`.`ELA_Service_Type`, 
  `dim_schools`.`Minimum_Grade_Taught`, 
  `dim_schools`.`Maximum_Grade_Taught`, 
  `dim_schools`.`Title_I_Ind`, 
  `dim_schools`.`Hard_to_Serve_Flag`, 
  `dim_schools`.`Alt_School_Flag`, 
  `dim_schools`.`Charter_School_Flag`, 
  `dim_schools`.`BR_Class`, 
  `dim_schools`.`DPS_Flag`, 
  `dim_schools`.`CDE_School_Number`, 
  `dim_schools`.`CDE_Minimum_Grade_Taught`, 
  `dim_schools`.`CDE_Maximum_Grade_Taught`, 
  `dim_schools`.`SOR_ID`, 
  `dim_schools`.`DI_Job_ID`, 
  `dim_schools`.`DI_Create_Date`, 
  `dim_schools`.`DI_Modified_Date`
FROM `dim_schools`&quot;"/>
          <column name="Specify a data source alias" value="false"/>
          <column name="Data source alias" value="&quot;&quot;"/>
          <column name="Mapping" value="mysql_id"/>
          <column name="Additional JDBC Parameters" value="&quot;noDatetimeStringSync=true&amp;useSSL=False&quot;"/>
          <column name="Encoding" value="&quot;ISO-8859-15&quot;"/>
          <column name="Enable stream" value="false"/>
          <column name="Trim all the String/Char columns" value="false"/>
          <column name="Trim column" value="[{SCHEMA_COLUMN=School_SK, TRIM=false}, {SCHEMA_COLUMN=School_Id, TRIM=false}, {SCHEMA_COLUMN=School_Number, TRIM=false}, {SCHEMA_COLUMN=CDE_School_Id, TRIM=false}, {SCHEMA_COLUMN=School_Name, TRIM=false}, {SCHEMA_COLUMN=School_Num_name, TRIM=false}, {SCHEMA_COLUMN=School_Name_Num, TRIM=false}, {SCHEMA_COLUMN=Status_Flag, TRIM=false}, {SCHEMA_COLUMN=District_Id, TRIM=false}, {SCHEMA_COLUMN=School_Address, TRIM=false}, {SCHEMA_COLUMN=geo_sk, TRIM=false}, {SCHEMA_COLUMN=School_Zip_Code, TRIM=false}, {SCHEMA_COLUMN=School_Latitude, TRIM=false}, {SCHEMA_COLUMN=School_Longitude, TRIM=false}, {SCHEMA_COLUMN=School_County, TRIM=false}, {SCHEMA_COLUMN=NumberOfStudents, TRIM=false}, {SCHEMA_COLUMN=Advisory_Group_Code, TRIM=false}, {SCHEMA_COLUMN=Advisory_Group_Name, TRIM=false}, {SCHEMA_COLUMN=Principal_Last_Name, TRIM=false}, {SCHEMA_COLUMN=Principal_First_Name, TRIM=false}, {SCHEMA_COLUMN=School_Type_ID, TRIM=false}, {SCHEMA_COLUMN=School_Type_Desc, TRIM=false}, {SCHEMA_COLUMN=School_Level_Code, TRIM=false}, {SCHEMA_COLUMN=ELA_School_Type, TRIM=false}, {SCHEMA_COLUMN=ELA_Service_Type, TRIM=false}, {SCHEMA_COLUMN=Minimum_Grade_Taught, TRIM=false}, {SCHEMA_COLUMN=Maximum_Grade_Taught, TRIM=false}, {SCHEMA_COLUMN=Title_I_Ind, TRIM=false}, {SCHEMA_COLUMN=Hard_to_Serve_Flag, TRIM=false}, {SCHEMA_COLUMN=Alt_School_Flag, TRIM=false}, {SCHEMA_COLUMN=Charter_School_Flag, TRIM=false}, {SCHEMA_COLUMN=BR_Class, TRIM=false}, {SCHEMA_COLUMN=DPS_Flag, TRIM=false}, {SCHEMA_COLUMN=CDE_School_Number, TRIM=false}, {SCHEMA_COLUMN=CDE_Minimum_Grade_Taught, TRIM=false}, {SCHEMA_COLUMN=CDE_Maximum_Grade_Taught, TRIM=false}, {SCHEMA_COLUMN=SOR_ID, TRIM=false}, {SCHEMA_COLUMN=DI_Job_ID, TRIM=false}, {SCHEMA_COLUMN=DI_Create_Date, TRIM=false}, {SCHEMA_COLUMN=DI_Modified_Date, TRIM=false}]"/>
          <column name="Label format" value="__TABLE__"/>
          <column name="Hint format" value="&lt;b&gt;__UNIQUE_NAME__&lt;/b&gt;&lt;br&gt;__COMMENT__"/>
          <column name="Connection format" value="row"/>
          <column name="Show Information" value="false"/>
          <column name="Comment" value=""/>
          <column name="Use an existing validation rule" value="false"/>
          <column name="Validation Rule Type" value=""/>
        </parameters>
        <schemas>
          <schema name="dim_schools">
            <column name="School_SK" key="true" type="int" length="10" precision="" nullable="false" comment=""/>
            <column name="School_Id" key="false" type="int" length="10" precision="" nullable="false" comment=""/>
            <column name="School_Number" key="false" type="String" length="10" precision="" nullable="true" comment=""/>
            <column name="CDE_School_Id" key="false" type="Integer" length="10" precision="" nullable="true" comment=""/>
            <column name="School_Name" key="false" type="String" length="250" precision="" nullable="true" comment=""/>
            <column name="School_Num_name" key="false" type="String" length="255" precision="" nullable="true" comment=""/>
            <column name="School_Name_Num" key="false" type="String" length="255" precision="" nullable="true" comment=""/>
            <column name="Status_Flag" key="false" type="String" length="1" precision="" nullable="true" comment=""/>
            <column name="District_Id" key="false" type="int" length="10" precision="" nullable="false" comment=""/>
            <column name="School_Address" key="false" type="String" length="255" precision="" nullable="true" comment=""/>
            <column name="geo_sk" key="false" type="Integer" length="10" precision="" nullable="true" comment=""/>
            <column name="School_Zip_Code" key="false" type="Integer" length="10" precision="" nullable="true" comment=""/>
            <column name="School_Latitude" key="false" type="Double" length="22" precision="" nullable="true" comment=""/>
            <column name="School_Longitude" key="false" type="Double" length="22" precision="" nullable="true" comment=""/>
            <column name="School_County" key="false" type="String" length="50" precision="" nullable="true" comment=""/>
            <column name="NumberOfStudents" key="false" type="Integer" length="10" precision="" nullable="true" comment=""/>
            <column name="Advisory_Group_Code" key="false" type="Integer" length="10" precision="" nullable="true" comment=""/>
            <column name="Advisory_Group_Name" key="false" type="String" length="80" precision="" nullable="true" comment=""/>
            <column name="Principal_Last_Name" key="false" type="String" length="80" precision="" nullable="true" comment=""/>
            <column name="Principal_First_Name" key="false" type="String" length="80" precision="" nullable="true" comment=""/>
            <column name="School_Type_ID" key="false" type="Integer" length="10" precision="" nullable="true" comment=""/>
            <column name="School_Type_Desc" key="false" type="String" length="50" precision="" nullable="true" comment=""/>
            <column name="School_Level_Code" key="false" type="Integer" length="10" precision="" nullable="true" comment=""/>
            <column name="ELA_School_Type" key="false" type="String" length="50" precision="" nullable="true" comment=""/>
            <column name="ELA_Service_Type" key="false" type="String" length="50" precision="" nullable="true" comment=""/>
            <column name="Minimum_Grade_Taught" key="false" type="String" length="2" precision="" nullable="true" comment=""/>
            <column name="Maximum_Grade_Taught" key="false" type="String" length="2" precision="" nullable="true" comment=""/>
            <column name="Title_I_Ind" key="false" type="String" length="50" precision="" nullable="true" comment=""/>
            <column name="Hard_to_Serve_Flag" key="false" type="Byte" length="3" precision="" nullable="true" comment=""/>
            <column name="Alt_School_Flag" key="false" type="Byte" length="3" precision="" nullable="true" comment=""/>
            <column name="Charter_School_Flag" key="false" type="Byte" length="3" precision="" nullable="true" comment=""/>
            <column name="BR_Class" key="false" type="String" length="2" precision="" nullable="true" comment=""/>
            <column name="DPS_Flag" key="false" type="Byte" length="3" precision="" nullable="true" comment=""/>
            <column name="CDE_School_Number" key="false" type="String" length="10" precision="" nullable="true" comment=""/>
            <column name="CDE_Minimum_Grade_Taught" key="false" type="String" length="10" precision="" nullable="true" comment=""/>
            <column name="CDE_Maximum_Grade_Taught" key="false" type="String" length="10" precision="" nullable="true" comment=""/>
            <column name="SOR_ID" key="false" type="int" length="10" precision="" nullable="false" comment=""/>
            <column name="DI_Job_ID" key="false" type="String" length="20" precision="" nullable="true" comment=""/>
            <column name="DI_Create_Date" key="false" type="java.util.Date" length="26" precision="" nullable="false" comment=""/>
            <column name="DI_Modified_Date" key="false" type="java.util.Date" length="26" precision="" nullable="false" comment=""/>
          </schema>
        </schemas>
      </component>
      <component icon="pictures/tDBInput_3.png" uniqueName="tDBInput_3" label="__TABLE__">
        <input>none</input>
        <output link="tMap_1">tMap_1</output>
        <componentType>tMysqlInput</componentType>
        <parameters>
          <column name="Database" value="tMysqlInput"/>
          <column name="Unique Name" value="tDBInput_3"/>
          <column name="Component Name" value="tMysqlInput"/>
          <column name="Version" value="0.102 (ALPHA)"/>
          <column name="Family" value="Databases/DB Specifics/MySQL"/>
          <column name="Start" value="false"/>
          <column name="Startable" value="true"/>
          <column name="SUBTREE_START" value="false"/>
          <column name="END_OF_FLOW" value="false"/>
          <column name="Activate" value="true"/>
          <column name="DUMMY" value="false"/>
          <column name="tStatCatcher Statistics" value="false"/>
          <column name="Help" value="org.talend.help.tMysqlInput"/>
          <column name="Update components" value="true"/>
          <column name="IREPORT_PATH" value=""/>
          <column name="JAVA_LIBRARY_PATH" value="C:\Program Files (x86)\Talend-Studio\studio\configuration\lib\java"/>
          <column name="Subjob color" value=""/>
          <column name="Title color" value=""/>
          <column name="Enable parallel execution" value="false"/>
          <column name="Number of parallel executions" value="2"/>
          <column name="PARALLELIZE_KEEP_EMPTY" value="false"/>
          <column name="Property Type" value="repository: DB (MYSQL):schools_dw"/>
          <column name="DB Version" value="MYSQL_8"/>
          <column name="Use an existing connection" value="false"/>
          <column name="Component List" value=""/>
          <column name="Host" value="&quot;localhost&quot;"/>
          <column name="Port" value="&quot;3306&quot;"/>
          <column name="Database" value="&quot;schools_dw&quot;"/>
          <column name="Database Driver" value="MYSQL"/>
          <column name="Username" value="&quot;root&quot;"/>
          <column name="Password" value="*********"/>
          <column name="REPOSITORY_ALLOW_AUTO_SWITCH" value="true"/>
          <column name="Schema" value="Built-In"/>
          <column name="Table Name" value="&quot;dim_students&quot;"/>
          <column name="Query Type" value="Built-In"/>
          <column name="Guess Schema" value="&quot;&quot;"/>
          <column name="Query" value="&quot;SELECT 
  `dim_students`.`Student_SK`, 
  `dim_students`.`Student_Id`, 
  `dim_students`.`ODS_Student_Id`, 
  `dim_students`.`State_Student_Id`, 
  `dim_students`.`PermNum`, 
  `dim_students`.`Last_Name`, 
  `dim_students`.`First_Name`, 
  `dim_students`.`Middle_Name`, 
  `dim_students`.`Generation`, 
  `dim_students`.`Language_Id`, 
  `dim_students`.`Language`, 
  `dim_students`.`GT_Date`, 
  `dim_students`.`IEP_Date`, 
  `dim_students`.`Class_Affiliate_ID`, 
  `dim_students`.`Class_Affiliate`, 
  `dim_students`.`Gender`, 
  `dim_students`.`address`, 
  `dim_students`.`geo_sk`, 
  `dim_students`.`zipcode`, 
  `dim_students`.`latitude`, 
  `dim_students`.`longitude`, 
  `dim_students`.`SOR_ID`, 
  `dim_students`.`DI_Job_ID`, 
  `dim_students`.`DI_Create_Date`, 
  `dim_students`.`DI_Modified_Date`
FROM `dim_students`&quot;"/>
          <column name="Specify a data source alias" value="false"/>
          <column name="Data source alias" value="&quot;&quot;"/>
          <column name="Mapping" value="mysql_id"/>
          <column name="Additional JDBC Parameters" value="&quot;noDatetimeStringSync=true&amp;useSSL=False&quot;"/>
          <column name="Encoding" value="&quot;ISO-8859-15&quot;"/>
          <column name="Enable stream" value="false"/>
          <column name="Trim all the String/Char columns" value="false"/>
          <column name="Trim column" value="[{SCHEMA_COLUMN=Student_SK, TRIM=false}, {SCHEMA_COLUMN=Student_Id, TRIM=false}, {SCHEMA_COLUMN=ODS_Student_Id, TRIM=false}, {SCHEMA_COLUMN=State_Student_Id, TRIM=false}, {SCHEMA_COLUMN=PermNum, TRIM=false}, {SCHEMA_COLUMN=Last_Name, TRIM=false}, {SCHEMA_COLUMN=First_Name, TRIM=false}, {SCHEMA_COLUMN=Middle_Name, TRIM=false}, {SCHEMA_COLUMN=Generation, TRIM=false}, {SCHEMA_COLUMN=Language_Id, TRIM=false}, {SCHEMA_COLUMN=Language, TRIM=false}, {SCHEMA_COLUMN=GT_Date, TRIM=false}, {SCHEMA_COLUMN=IEP_Date, TRIM=false}, {SCHEMA_COLUMN=Class_Affiliate_ID, TRIM=false}, {SCHEMA_COLUMN=Class_Affiliate, TRIM=false}, {SCHEMA_COLUMN=Gender, TRIM=false}, {SCHEMA_COLUMN=address, TRIM=false}, {SCHEMA_COLUMN=geo_sk, TRIM=false}, {SCHEMA_COLUMN=zipcode, TRIM=false}, {SCHEMA_COLUMN=latitude, TRIM=false}, {SCHEMA_COLUMN=longitude, TRIM=false}, {SCHEMA_COLUMN=SOR_ID, TRIM=false}, {SCHEMA_COLUMN=DI_Job_ID, TRIM=false}, {SCHEMA_COLUMN=DI_Create_Date, TRIM=false}, {SCHEMA_COLUMN=DI_Modified_Date, TRIM=false}]"/>
          <column name="Label format" value="__TABLE__"/>
          <column name="Hint format" value="&lt;b&gt;__UNIQUE_NAME__&lt;/b&gt;&lt;br&gt;__COMMENT__"/>
          <column name="Connection format" value="row"/>
          <column name="Show Information" value="false"/>
          <column name="Comment" value=""/>
          <column name="Use an existing validation rule" value="false"/>
          <column name="Validation Rule Type" value=""/>
        </parameters>
        <schemas>
          <schema name="dim_students">
            <column name="Student_SK" key="true" type="int" length="10" precision="" nullable="false" comment=""/>
            <column name="Student_Id" key="false" type="int" length="10" precision="" nullable="false" comment=""/>
            <column name="ODS_Student_Id" key="false" type="long" length="19" precision="" nullable="false" comment=""/>
            <column name="State_Student_Id" key="false" type="Long" length="19" precision="" nullable="true" comment=""/>
            <column name="PermNum" key="false" type="long" length="19" precision="" nullable="false" comment=""/>
            <column name="Last_Name" key="false" type="String" length="150" precision="" nullable="true" comment=""/>
            <column name="First_Name" key="false" type="String" length="150" precision="" nullable="true" comment=""/>
            <column name="Middle_Name" key="false" type="String" length="150" precision="" nullable="true" comment=""/>
            <column name="Generation" key="false" type="String" length="10" precision="" nullable="true" comment=""/>
            <column name="Language_Id" key="false" type="Integer" length="10" precision="" nullable="true" comment=""/>
            <column name="Language" key="false" type="String" length="50" precision="" nullable="true" comment=""/>
            <column name="GT_Date" key="false" type="java.util.Date" length="26" precision="" nullable="true" comment=""/>
            <column name="IEP_Date" key="false" type="java.util.Date" length="26" precision="" nullable="true" comment=""/>
            <column name="Class_Affiliate_ID" key="false" type="Integer" length="10" precision="" nullable="true" comment=""/>
            <column name="Class_Affiliate" key="false" type="String" length="50" precision="" nullable="true" comment=""/>
            <column name="Gender" key="false" type="String" length="1" precision="" nullable="true" comment=""/>
            <column name="address" key="false" type="String" length="50" precision="" nullable="true" comment=""/>
            <column name="geo_sk" key="false" type="Integer" length="10" precision="" nullable="true" comment=""/>
            <column name="zipcode" key="false" type="Integer" length="10" precision="" nullable="true" comment=""/>
            <column name="latitude" key="false" type="BigDecimal" length="28" precision="10" nullable="true" comment=""/>
            <column name="longitude" key="false" type="BigDecimal" length="28" precision="10" nullable="true" comment=""/>
            <column name="SOR_ID" key="false" type="int" length="10" precision="" nullable="false" comment=""/>
            <column name="DI_Job_ID" key="false" type="String" length="20" precision="" nullable="true" comment=""/>
            <column name="DI_Create_Date" key="false" type="java.util.Date" length="26" precision="" nullable="false" comment=""/>
            <column name="DI_Modified_Date" key="false" type="java.util.Date" length="26" precision="" nullable="false" comment=""/>
          </schema>
        </schemas>
      </component>
      <component icon="pictures/tDBInput_4.png" uniqueName="tDBInput_4" label="__TABLE__">
        <input>none</input>
        <output link="tMap_1">tMap_1</output>
        <componentType>tPostgresqlInput</componentType>
        <parameters>
          <column name="Database" value="tPostgresqlInput"/>
          <column name="Unique Name" value="tDBInput_4"/>
          <column name="Component Name" value="tPostgresqlInput"/>
          <column name="Version" value="0.102 (ALPHA)"/>
          <column name="Family" value="Databases/DB Specifics/PostgreSQL"/>
          <column name="Start" value="false"/>
          <column name="Startable" value="true"/>
          <column name="SUBTREE_START" value="false"/>
          <column name="END_OF_FLOW" value="false"/>
          <column name="Activate" value="true"/>
          <column name="DUMMY" value="false"/>
          <column name="tStatCatcher Statistics" value="false"/>
          <column name="Help" value="org.talend.help.tPostgresqlInput"/>
          <column name="Update components" value="true"/>
          <column name="IREPORT_PATH" value=""/>
          <column name="JAVA_LIBRARY_PATH" value="C:\Program Files (x86)\Talend-Studio\studio\configuration\lib\java"/>
          <column name="Subjob color" value=""/>
          <column name="Title color" value=""/>
          <column name="Enable parallel execution" value="false"/>
          <column name="Number of parallel executions" value="2"/>
          <column name="PARALLELIZE_KEEP_EMPTY" value="false"/>
          <column name="Property Type" value="repository: DB (POSTGRESQL):schools_se"/>
          <column name="Use an existing connection" value="false"/>
          <column name="Component List" value=""/>
          <column name="DB Version" value="V9_X"/>
          <column name="Host" value="&quot;localhost&quot;"/>
          <column name="Database Driver" value="POSTGRESQL"/>
          <column name="Port" value="&quot;5432&quot;"/>
          <column name="Database" value="&quot;schools_se&quot;"/>
          <column name="Schema" value="&quot;public&quot;"/>
          <column name="Username" value="&quot;postgres&quot;"/>
          <column name="Password" value="*********"/>
          <column name="REPOSITORY_ALLOW_AUTO_SWITCH" value="true"/>
          <column name="Schema" value="Built-In"/>
          <column name="Table Name" value="&quot;grade_level&quot;"/>
          <column name="Query Type" value="Built-In"/>
          <column name="Guess Schema" value="&quot;&quot;"/>
          <column name="Query" value="&quot;SELECT 
  \&quot;schools_se\&quot;.\&quot;public\&quot;.\&quot;grade_level\&quot;.\&quot;grade_id\&quot;, 
  \&quot;schools_se\&quot;.\&quot;public\&quot;.\&quot;grade_level\&quot;.\&quot;grade_name\&quot;, 
  \&quot;schools_se\&quot;.\&quot;public\&quot;.\&quot;grade_level\&quot;.\&quot;di_job_id\&quot;, 
  \&quot;schools_se\&quot;.\&quot;public\&quot;.\&quot;grade_level\&quot;.\&quot;di_create_date\&quot;
FROM \&quot;schools_se\&quot;.\&quot;public\&quot;.\&quot;grade_level\&quot;&quot;"/>
          <column name="Specify a data source alias" value="false"/>
          <column name="Data source alias" value="&quot;&quot;"/>
          <column name="Mapping" value="postgres_id"/>
          <column name="Encoding" value="&quot;ISO-8859-15&quot;"/>
          <column name="Use cursor" value="false"/>
          <column name="Cursor size" value="1000"/>
          <column name="Trim all the String/Char columns" value="false"/>
          <column name="Trim column" value="[{SCHEMA_COLUMN=grade_id, TRIM=false}, {SCHEMA_COLUMN=grade_name, TRIM=false}, {SCHEMA_COLUMN=di_job_id, TRIM=false}, {SCHEMA_COLUMN=di_create_date, TRIM=false}]"/>
          <column name="Label format" value="__TABLE__"/>
          <column name="Hint format" value="&lt;b&gt;__UNIQUE_NAME__&lt;/b&gt;&lt;br&gt;__COMMENT__"/>
          <column name="Connection format" value="row"/>
          <column name="Show Information" value="false"/>
          <column name="Comment" value=""/>
          <column name="Use an existing validation rule" value="false"/>
          <column name="Validation Rule Type" value=""/>
        </parameters>
        <schemas>
          <schema name="grade_level">
            <column name="grade_id" key="true" type="int" length="10" precision="" nullable="false" comment=""/>
            <column name="grade_name" key="false" type="String" length="5" precision="" nullable="false" comment=""/>
            <column name="di_job_id" key="false" type="String" length="20" precision="" nullable="true" comment=""/>
            <column name="di_create_date" key="false" type="java.util.Date" length="26" precision="3" nullable="false" comment=""/>
          </schema>
        </schemas>
      </component>
      <component icon="pictures/tDBInput_5.png" uniqueName="tDBInput_5" label="__TABLE__">
        <input>none</input>
        <output link="tMap_1">tMap_1</output>
        <componentType>tMysqlInput</componentType>
        <parameters>
          <column name="Database" value="tMysqlInput"/>
          <column name="Unique Name" value="tDBInput_5"/>
          <column name="Component Name" value="tMysqlInput"/>
          <column name="Version" value="0.102 (ALPHA)"/>
          <column name="Family" value="Databases/DB Specifics/MySQL"/>
          <column name="Start" value="false"/>
          <column name="Startable" value="true"/>
          <column name="SUBTREE_START" value="false"/>
          <column name="END_OF_FLOW" value="false"/>
          <column name="Activate" value="true"/>
          <column name="DUMMY" value="false"/>
          <column name="tStatCatcher Statistics" value="false"/>
          <column name="Help" value="org.talend.help.tMysqlInput"/>
          <column name="Update components" value="true"/>
          <column name="IREPORT_PATH" value=""/>
          <column name="JAVA_LIBRARY_PATH" value="C:\Program Files (x86)\Talend-Studio\studio\configuration\lib\java"/>
          <column name="Subjob color" value=""/>
          <column name="Title color" value=""/>
          <column name="Enable parallel execution" value="false"/>
          <column name="Number of parallel executions" value="2"/>
          <column name="PARALLELIZE_KEEP_EMPTY" value="false"/>
          <column name="Property Type" value="repository: DB (MYSQL):schools_dw"/>
          <column name="DB Version" value="MYSQL_8"/>
          <column name="Use an existing connection" value="false"/>
          <column name="Component List" value=""/>
          <column name="Host" value="&quot;localhost&quot;"/>
          <column name="Port" value="&quot;3306&quot;"/>
          <column name="Database" value="&quot;schools_dw&quot;"/>
          <column name="Database Driver" value="MYSQL"/>
          <column name="Username" value="&quot;root&quot;"/>
          <column name="Password" value="*********"/>
          <column name="REPOSITORY_ALLOW_AUTO_SWITCH" value="true"/>
          <column name="Schema" value="Built-In"/>
          <column name="Table Name" value="&quot;dim_absence_reason&quot;"/>
          <column name="Query Type" value="Built-In"/>
          <column name="Guess Schema" value="&quot;&quot;"/>
          <column name="Query" value="&quot;SELECT 
  `dim_absence_reason`.`Absence_Reason_SK`, 
  `dim_absence_reason`.`Absence_Reason_Id`, 
  `dim_absence_reason`.`Absence_Reason_Code`, 
  `dim_absence_reason`.`Absence_Reason_Desc`, 
  `dim_absence_reason`.`Absence_Reason_Abbv`, 
  `dim_absence_reason`.`Absence_Reason_Type`, 
  `dim_absence_reason`.`SOR_ID`, 
  `dim_absence_reason`.`DI_Job_ID`, 
  `dim_absence_reason`.`DI_Create_Date`, 
  `dim_absence_reason`.`DI_Modified_Date`
FROM `dim_absence_reason`&quot;"/>
          <column name="Specify a data source alias" value="false"/>
          <column name="Data source alias" value="&quot;&quot;"/>
          <column name="Mapping" value="mysql_id"/>
          <column name="Additional JDBC Parameters" value="&quot;noDatetimeStringSync=true&amp;useSSL=False&quot;"/>
          <column name="Encoding" value="&quot;ISO-8859-15&quot;"/>
          <column name="Enable stream" value="false"/>
          <column name="Trim all the String/Char columns" value="false"/>
          <column name="Trim column" value="[{SCHEMA_COLUMN=Absence_Reason_SK, TRIM=false}, {SCHEMA_COLUMN=Absence_Reason_Id, TRIM=false}, {SCHEMA_COLUMN=Absence_Reason_Code, TRIM=false}, {SCHEMA_COLUMN=Absence_Reason_Desc, TRIM=false}, {SCHEMA_COLUMN=Absence_Reason_Abbv, TRIM=false}, {SCHEMA_COLUMN=Absence_Reason_Type, TRIM=false}, {SCHEMA_COLUMN=SOR_ID, TRIM=false}, {SCHEMA_COLUMN=DI_Job_ID, TRIM=false}, {SCHEMA_COLUMN=DI_Create_Date, TRIM=false}, {SCHEMA_COLUMN=DI_Modified_Date, TRIM=false}]"/>
          <column name="Label format" value="__TABLE__"/>
          <column name="Hint format" value="&lt;b&gt;__UNIQUE_NAME__&lt;/b&gt;&lt;br&gt;__COMMENT__"/>
          <column name="Connection format" value="row"/>
          <column name="Show Information" value="false"/>
          <column name="Comment" value=""/>
          <column name="Use an existing validation rule" value="false"/>
          <column name="Validation Rule Type" value=""/>
        </parameters>
        <schemas>
          <schema name="dim_absence_reason">
            <column name="Absence_Reason_SK" key="true" type="int" length="10" precision="" nullable="false" comment=""/>
            <column name="Absence_Reason_Id" key="false" type="int" length="10" precision="" nullable="false" comment=""/>
            <column name="Absence_Reason_Code" key="false" type="String" length="10" precision="" nullable="true" comment=""/>
            <column name="Absence_Reason_Desc" key="false" type="String" length="250" precision="" nullable="true" comment=""/>
            <column name="Absence_Reason_Abbv" key="false" type="String" length="10" precision="" nullable="true" comment=""/>
            <column name="Absence_Reason_Type" key="false" type="String" length="20" precision="" nullable="true" comment=""/>
            <column name="SOR_ID" key="false" type="int" length="10" precision="" nullable="false" comment=""/>
            <column name="DI_Job_ID" key="false" type="String" length="20" precision="" nullable="true" comment=""/>
            <column name="DI_Create_Date" key="false" type="java.util.Date" length="26" precision="" nullable="false" comment=""/>
            <column name="DI_Modified_Date" key="false" type="java.util.Date" length="26" precision="" nullable="false" comment=""/>
          </schema>
        </schemas>
      </component>
      <component icon="pictures/tDBOutput_1.png" uniqueName="tDBOutput_1" label="__TABLE__">
        <input link="tMap_1">tMap_1</input>
        <input link="tDBInput_2">tDBInput_2</input>
        <input link="tDBInput_3">tDBInput_3</input>
        <input link="tDBInput_4">tDBInput_4</input>
        <input link="tDBInput_5">tDBInput_5</input>
        <output>none</output>
        <componentType>tMysqlOutput</componentType>
        <parameters>
          <column name="Database" value="tMysqlOutput"/>
          <column name="Unique Name" value="tDBOutput_1"/>
          <column name="Component Name" value="tMysqlOutput"/>
          <column name="Version" value="0.102 (ALPHA)"/>
          <column name="Family" value="Databases/DB Specifics/MySQL"/>
          <column name="Startable" value="false"/>
          <column name="SUBTREE_START" value="false"/>
          <column name="END_OF_FLOW" value="true"/>
          <column name="Activate" value="true"/>
          <column name="DUMMY" value="false"/>
          <column name="tStatCatcher Statistics" value="false"/>
          <column name="Help" value="org.talend.help.tMysqlOutput"/>
          <column name="Update components" value="true"/>
          <column name="IREPORT_PATH" value=""/>
          <column name="JAVA_LIBRARY_PATH" value="C:\Program Files (x86)\Talend-Studio\studio\configuration\lib\java"/>
          <column name="Subjob color" value=""/>
          <column name="Title color" value=""/>
          <column name="Enable parallel execution" value="false"/>
          <column name="Number of parallel executions" value="2"/>
          <column name="PARALLELIZE_KEEP_EMPTY" value="false"/>
          <column name="Property Type" value="repository: DB (MYSQL):schools_dw"/>
          <column name="DB Version" value="MYSQL_8"/>
          <column name="Use an existing connection" value="false"/>
          <column name="Component List" value=""/>
          <column name="Database Driver" value="MYSQL"/>
          <column name="Host" value="&quot;localhost&quot;"/>
          <column name="Port" value="&quot;3306&quot;"/>
          <column name="Database" value="&quot;schools_dw&quot;"/>
          <column name="Username" value="&quot;root&quot;"/>
          <column name="Password" value="*********"/>
          <column name="Table" value="&quot;fact_student_absence&quot;"/>
          <column name="Action on table" value="NONE"/>
          <column name="Action on data" value="INSERT"/>
          <column name="REPOSITORY_ALLOW_AUTO_SWITCH" value="true"/>
          <column name="Schema" value="Built-In"/>
          <column name="Reject Schema" value="Built-In"/>
          <column name="Specify a data source alias" value="false"/>
          <column name="Data source alias" value="&quot;&quot;"/>
          <column name="Die on error" value="false"/>
          <column name="Mapping" value="mysql_id"/>
          <column name="Additional JDBC Parameters" value="&quot;noDatetimeStringSync=true&amp;useSSL=False&quot;"/>
          <column name="Extend Insert" value="true"/>
          <column name="Number of rows per insert" value="100"/>
          <column name="Use Batch Size" value="true"/>
          <column name="Batch Size" value="10000"/>
          <column name="Encoding" value="&quot;ISO-8859-15&quot;"/>
          <column name="Commit every" value="10000"/>
          <column name="Additional columns" value="[]"/>
          <column name="Use field options" value="false"/>
          <column name="Field options" value="[{SCHEMA_COLUMN=Absence_id, UPDATE_KEY=false, DELETE_KEY=false, UPDATABLE=true, INSERTABLE=true}, {SCHEMA_COLUMN=Absence_Number, UPDATE_KEY=false, DELETE_KEY=false, UPDATABLE=true, INSERTABLE=true}, {SCHEMA_COLUMN=Absence_Date_SK, UPDATE_KEY=false, DELETE_KEY=false, UPDATABLE=true, INSERTABLE=true}, {SCHEMA_COLUMN=Absence_Date, UPDATE_KEY=false, DELETE_KEY=false, UPDATABLE=true, INSERTABLE=true}, {SCHEMA_COLUMN=School_SK, UPDATE_KEY=false, DELETE_KEY=false, UPDATABLE=true, INSERTABLE=true}, {SCHEMA_COLUMN=Student_SK, UPDATE_KEY=false, DELETE_KEY=false, UPDATABLE=true, INSERTABLE=true}, {SCHEMA_COLUMN=Grade_Id, UPDATE_KEY=false, DELETE_KEY=false, UPDATABLE=true, INSERTABLE=true}, {SCHEMA_COLUMN=Grade_Name, UPDATE_KEY=false, DELETE_KEY=false, UPDATABLE=true, INSERTABLE=true}, {SCHEMA_COLUMN=Absence_Reason_SK, UPDATE_KEY=false, DELETE_KEY=false, UPDATABLE=true, INSERTABLE=true}, {SCHEMA_COLUMN=Section_Id, UPDATE_KEY=false, DELETE_KEY=false, UPDATABLE=true, INSERTABLE=true}, {SCHEMA_COLUMN=AbsencePeriods, UPDATE_KEY=false, DELETE_KEY=false, UPDATABLE=true, INSERTABLE=true}, {SCHEMA_COLUMN=AbsenceMinutes, UPDATE_KEY=false, DELETE_KEY=false, UPDATABLE=true, INSERTABLE=true}, {SCHEMA_COLUMN=Tardy, UPDATE_KEY=false, DELETE_KEY=false, UPDATABLE=true, INSERTABLE=true}, {SCHEMA_COLUMN=Current_Flag, UPDATE_KEY=false, DELETE_KEY=false, UPDATABLE=true, INSERTABLE=true}, {SCHEMA_COLUMN=District_Id, UPDATE_KEY=false, DELETE_KEY=false, UPDATABLE=true, INSERTABLE=true}, {SCHEMA_COLUMN=SOR_ID, UPDATE_KEY=false, DELETE_KEY=false, UPDATABLE=true, INSERTABLE=true}, {SCHEMA_COLUMN=DI_Job_ID, UPDATE_KEY=false, DELETE_KEY=false, UPDATABLE=true, INSERTABLE=true}, {SCHEMA_COLUMN=DI_Create_Date, UPDATE_KEY=false, DELETE_KEY=false, UPDATABLE=true, INSERTABLE=true}, {SCHEMA_COLUMN=DI_Modified_Date, UPDATE_KEY=false, DELETE_KEY=false, UPDATABLE=true, INSERTABLE=true}]"/>
          <column name="Use Hint Options" value="false"/>
          <column name="Hint Options" value="[]"/>
          <column name="Enable debug mode" value="false"/>
          <column name="Use duplicate key update mode insert" value="false"/>
          <column name="DUPLICATED_KEYS" value="[]"/>
          <column name="Support null in &quot;SQL WHERE&quot; statement" value="false"/>
          <column name="Label format" value="__TABLE__"/>
          <column name="Hint format" value="&lt;b&gt;__UNIQUE_NAME__&lt;/b&gt;&lt;br&gt;__COMMENT__"/>
          <column name="Connection format" value="row"/>
          <column name="Show Information" value="false"/>
          <column name="Comment" value=""/>
          <column name="Use an existing validation rule" value="false"/>
          <column name="Validation Rule Type" value=""/>
        </parameters>
        <schemas>
          <schema name="fact_student_absence">
            <column name="Absence_id" key="false" type="int" length="10" precision="" nullable="false" comment=""/>
            <column name="Absence_Number" key="false" type="int" length="10" precision="" nullable="false" comment=""/>
            <column name="Absence_Date_SK" key="false" type="Integer" length="10" precision="" nullable="true" comment=""/>
            <column name="Absence_Date" key="false" type="java.util.Date" length="10" precision="" nullable="true" comment=""/>
            <column name="School_SK" key="false" type="Integer" length="10" precision="" nullable="true" comment=""/>
            <column name="Student_SK" key="false" type="Integer" length="10" precision="" nullable="true" comment=""/>
            <column name="Grade_Id" key="false" type="Integer" length="10" precision="" nullable="true" comment=""/>
            <column name="Grade_Name" key="false" type="String" length="5" precision="" nullable="false" comment=""/>
            <column name="Absence_Reason_SK" key="false" type="Integer" length="10" precision="" nullable="true" comment=""/>
            <column name="Section_Id" key="false" type="Integer" length="10" precision="" nullable="true" comment=""/>
            <column name="AbsencePeriods" key="false" type="Integer" length="10" precision="" nullable="true" comment=""/>
            <column name="AbsenceMinutes" key="false" type="Integer" length="10" precision="" nullable="true" comment=""/>
            <column name="Tardy" key="false" type="Integer" length="10" precision="" nullable="true" comment=""/>
            <column name="Current_Flag" key="false" type="Boolean" length="3" precision="" nullable="true" comment=""/>
            <column name="District_Id" key="false" type="Integer" length="10" precision="" nullable="true" comment=""/>
            <column name="SOR_ID" key="false" type="int" length="10" precision="" nullable="false" comment=""/>
            <column name="DI_Job_ID" key="false" type="String" length="20" precision="" nullable="true" comment=""/>
            <column name="DI_Create_Date" key="false" type="java.util.Date" length="26" precision="" nullable="false" comment=""/>
            <column name="DI_Modified_Date" key="false" type="java.util.Date" length="26" precision="" nullable="false" comment=""/>
          </schema>
        </schemas>
      </component>
    </internalNodeComponents>
    <externalNodeComponents>
      <component icon="pictures/tMap_1.png" uniqueName="tMap_1" label="__UNIQUE_NAME__" preview="pictures/external_preview_tMap_1.png">
        <input link="tMap_1">tMap_1</input>
        <input link="tDBInput_2">tDBInput_2</input>
        <input link="tDBInput_3">tDBInput_3</input>
        <input link="tDBInput_4">tDBInput_4</input>
        <input link="tDBInput_5">tDBInput_5</input>
        <output link="tDBOutput_1">tDBOutput_1</output>
        <componentType>tMap</componentType>
        <!--tMap_1-->
      </component>
    </externalNodeComponents>
    <connections>
      <connection label="row1" lineStyle="0" metaname="tDBInput_1" offsetLabelX="0" offsetLabelY="0" source="tDBInput_1" target="tMap_1"/>
      <connection label="se" lineStyle="0" metaname="se" offsetLabelX="0" offsetLabelY="0" source="tMap_1" target="tDBOutput_1"/>
      <connection label="row2" lineStyle="8" metaname="tDBInput_2" offsetLabelX="0" offsetLabelY="0" source="tDBInput_2" target="tMap_1"/>
      <connection label="row3" lineStyle="8" metaname="tDBInput_3" offsetLabelX="0" offsetLabelY="0" source="tDBInput_3" target="tMap_1"/>
      <connection label="row4" lineStyle="8" metaname="tDBInput_4" offsetLabelX="0" offsetLabelY="0" source="tDBInput_4" target="tMap_1"/>
      <connection label="row5" lineStyle="8" metaname="tDBInput_5" offsetLabelX="0" offsetLabelY="0" source="tDBInput_5" target="tMap_1"/>
    </connections>
  </job>
</project>
