<?xml version="1.1" encoding="UTF-8"?>

<project i18n.job.generated.documetation="Generated documentation" i18n.job.project.name="Project Name" i18n.job.generated.date="GENERATION DATE" i18n.job.author="AUTHOR" i18n.job.summary="Summary" i18n.job.project.description="Project Description" i18n.job.job.description="Description" i18n.job.job.preview.picture="Preview Picture" i18n.job.job.setting="Settings" i18n.job.context.list="Context List" i18n.job.component.list="Component List" i18n.job.components.description="Components Description" i18n.job.source.code="Source Code" i18n.job.properties="Properties" i18n.job.values="Values" i18n.job.name="Name" i18n.job.language="Language" i18n.job.description="Description" i18n.job.author.min="Author" i18n.job.version="Version" i18n.job.purpose="Purpose" i18n.job.status="Status" i18n.job.creation="Creation" i18n.job.modification="Modification" i18n.job.extract.settings="Extra settings" i18n.job.value="Value" i18n.job.stats.logs="Status &amp; Logs" i18n.job.context="Context" i18n.job.promt="Prompt" i18n.job.need.promt="Need Prompt?" i18n.job.type="Type" i18n.job.source="Source" i18n.job.component.name="Component Name" i18n.job.component.type="Component Type" i18n.job.component="Component" i18n.job.unique.name="UNIQUE NAME" i18n.job.input="INPUT(S)" i18n.job.label="LABEL" i18n.job.output="OUTPUT(S)" i18n.job.component.parameters="Component Parameters:" i18n.job.schema.for="Schema for " i18n.job.column="Column" i18n.job.key="Key" i18n.job.length="Length" i18n.job.precision="Precision" i18n.job.nullable="Nullable" i18n.job.comment="Comment" i18n.job.original.function.parameters="Original Function Parameters:" i18n.job.ended="ended" i18n.job.content="content" i18n.route.manifest.type="Type" i18n.route.manifest.value="Value" i18n.route.resource.name="Name" i18n.route.resource.version="Version" i18n.route.resource.path="Path" name="Project_DWBI" logo="pictures/logo.jpg" title="Generated by Talend Real-time Big Data Platform" link="http://www.talend.com" language="java" generatedDate="Dec 10, 2019 11:38:15 PM" versionName="Talend Real-time VERSION " version="7.1.1.20181026_1147" docType="Jobs" company="">
  <pro-description><![CDATA[]]></pro-description>
  <job name="dim_students_sw" author="user@talend.com" i18n.job.extract.settings.type="i18n.job.extract.settings" i18n.job.stats.logs.type="i18n.job.stats.logs" version="0.1" purpose="" status="" creation="Dec 10, 2019 4:09:07 AM" modification="Dec 10, 2019 5:47:37 PM">
    <description><![CDATA[<br/>]]></description>
    <preview picture="pictures/dim_students_sw_0.1.png"/>
    <contextList>
      <context name="Default"/>
    </contextList>
    <jobSetting>
      <extra>
        <jobParameter name="COMP_DEFAULT_FILE_DIR" value=""/>
        <jobParameter name="Multi thread execution" value="false"/>
        <jobParameter name="Implicit tContextLoad" value="false"/>
      </extra>
      <Statslogs>
        <jobParameter name="Use statistics (tStatCatcher)" value="false"/>
        <jobParameter name="Use logs (tLogCatcher)" value="false"/>
        <jobParameter name="Use volumetrics (tFlowMeterCatcher)" value="false"/>
        <jobParameter name="On Console" value="false"/>
        <jobParameter name="On Files" value="false"/>
        <jobParameter name="On Databases" value="false"/>
        <jobParameter name="Catch components statistics" value="false"/>
        <jobParameter name="Catch runtime errors" value="true"/>
        <jobParameter name="Catch user errors" value="true"/>
        <jobParameter name="Catch user warnings" value="true"/>
      </Statslogs>
    </jobSetting>
    <componentList>
      <componentItem name="tDBInput_1" link="tDBInput_1" type="tOracleInput" leftTopX="224" leftTopY="128" rightBottomX="256" rightBottomY="160"/>
      <componentItem name="tDBInput_2" link="tDBInput_2" type="tOracleInput" leftTopX="224" leftTopY="224" rightBottomX="256" rightBottomY="256"/>
      <componentItem name="tDBInput_3" link="tDBInput_3" type="tOracleInput" leftTopX="224" leftTopY="352" rightBottomX="256" rightBottomY="384"/>
      <componentItem name="tDBOutput_1" link="tDBOutput_1" type="tMysqlOutput" leftTopX="864" leftTopY="128" rightBottomX="896" rightBottomY="160"/>
      <componentItem name="tFileInputDelimited_1" link="tFileInputDelimited_1" type="tFileInputDelimited" leftTopX="192" leftTopY="672" rightBottomX="224" rightBottomY="704"/>
      <componentItem name="tMap_1" link="tMap_1" type="tMap" leftTopX="512" leftTopY="128" rightBottomX="544" rightBottomY="160"/>
    </componentList>
    <internalNodeComponents>
      <component icon="pictures/tDBInput_1.png" uniqueName="tDBInput_1" label="__TABLE__">
        <input>none</input>
        <output link="tMap_1">tMap_1</output>
        <componentType>tOracleInput</componentType>
        <parameters>
          <column name="Database" value="tOracleInput"/>
          <column name="Unique Name" value="tDBInput_1"/>
          <column name="Component Name" value="tOracleInput"/>
          <column name="Version" value="0.102 (ALPHA)"/>
          <column name="Family" value="Databases/DB Specifics/Oracle"/>
          <column name="Start" value="true"/>
          <column name="Startable" value="true"/>
          <column name="SUBTREE_START" value="true"/>
          <column name="END_OF_FLOW" value="false"/>
          <column name="Activate" value="true"/>
          <column name="DUMMY" value="false"/>
          <column name="tStatCatcher Statistics" value="false"/>
          <column name="Help" value="org.talend.help.tOracleInput"/>
          <column name="Update components" value="true"/>
          <column name="IREPORT_PATH" value=""/>
          <column name="JAVA_LIBRARY_PATH" value="C:\Program Files (x86)\Talend-Studio\studio\configuration\lib\java"/>
          <column name="Subjob color" value=""/>
          <column name="Title color" value=""/>
          <column name="Enable parallel execution" value="false"/>
          <column name="Number of parallel executions" value="2"/>
          <column name="PARALLELIZE_KEEP_EMPTY" value="false"/>
          <column name="Property Type" value="repository: DB (ORACLE_SID):schools_sw"/>
          <column name="Use an existing connection" value="false"/>
          <column name="Component List" value=""/>
          <column name="Connection Type" value="ORACLE_SID"/>
          <column name="DB Version" value="ORACLE_18"/>
          <column name="URL" value="&quot;localhost&quot;"/>
          <column name="Host" value="&quot;localhost&quot;"/>
          <column name="Database Driver" value="ORACLE_SID"/>
          <column name="Port" value="&quot;1521&quot;"/>
          <column name="Database" value="&quot;xe&quot;"/>
          <column name="Local Service Name" value="&quot;xe&quot;"/>
          <column name="Oracle schema" value="&quot;SCHOOLS_SW&quot;"/>
          <column name="Username" value="&quot;schools_sw&quot;"/>
          <column name="Password" value="************"/>
          <column name="URL" value="&quot;jdbc:oracle:oci:/@talend&quot;"/>
          <column name="REPOSITORY_ALLOW_AUTO_SWITCH" value="true"/>
          <column name="Schema" value="Built-In"/>
          <column name="Table Name" value="&quot;STUDENTS_SW&quot;"/>
          <column name="Query Type" value="Built-In"/>
          <column name="Guess Schema" value="&quot;&quot;"/>
          <column name="Query" value="&quot;SELECT 
  SCHOOLS_SW.STUDENTS_SW.ODS_STUDENT_ID, 
  SCHOOLS_SW.STUDENTS_SW.LAST_NAME, 
  SCHOOLS_SW.STUDENTS_SW.FIRST_NAME, 
  SCHOOLS_SW.STUDENTS_SW.MIDDLE_NAME, 
  SCHOOLS_SW.STUDENTS_SW.GENERATION, 
  SCHOOLS_SW.STUDENTS_SW.LANGUAGE_ID, 
  SCHOOLS_SW.STUDENTS_SW.GT_DATE, 
  SCHOOLS_SW.STUDENTS_SW.IEP_DATE, 
  SCHOOLS_SW.STUDENTS_SW.CLASS_AFFILIATE_ID, 
  SCHOOLS_SW.STUDENTS_SW.GENDER, 
  SCHOOLS_SW.STUDENTS_SW.PHONE, 
  SCHOOLS_SW.STUDENTS_SW.ADDRESS, 
  SCHOOLS_SW.STUDENTS_SW.CITY, 
  SCHOOLS_SW.STUDENTS_SW.STATE, 
  SCHOOLS_SW.STUDENTS_SW.STATECODE, 
  SCHOOLS_SW.STUDENTS_SW.POSTAL, 
  SCHOOLS_SW.STUDENTS_SW.LATITUDE, 
  SCHOOLS_SW.STUDENTS_SW.LONGITUDE, 
  SCHOOLS_SW.STUDENTS_SW.PARENT_LAST_NAME, 
  SCHOOLS_SW.STUDENTS_SW.PARENT_FIRST_NAME, 
  SCHOOLS_SW.STUDENTS_SW.CREATEDATE, 
  SCHOOLS_SW.STUDENTS_SW.DI_JOB_ID, 
  SCHOOLS_SW.STUDENTS_SW.DI_CREATE_DATE
FROM SCHOOLS_SW.STUDENTS_SW&quot;"/>
          <column name="Specify a data source alias" value="false"/>
          <column name="Data source alias" value="&quot;&quot;"/>
          <column name="Mapping" value="oracle_id"/>
          <column name="Additional JDBC Parameters" value="&quot;useSSL=False&quot;"/>
          <column name="Convert XMLType To Java Type.(just when use extract() return a NODE)" value="false"/>
          <column name="CONVERT_XMLTYPE" value="[]"/>
          <column name="Encoding" value="&quot;ISO-8859-15&quot;"/>
          <column name="Use cursor" value="false"/>
          <column name="Cursor size" value="1000"/>
          <column name="Trim all the String/Char columns" value="false"/>
          <column name="Trim column" value="[{SCHEMA_COLUMN=ODS_STUDENT_ID, TRIM=false}, {SCHEMA_COLUMN=LAST_NAME, TRIM=false}, {SCHEMA_COLUMN=FIRST_NAME, TRIM=false}, {SCHEMA_COLUMN=MIDDLE_NAME, TRIM=false}, {SCHEMA_COLUMN=GENERATION, TRIM=false}, {SCHEMA_COLUMN=LANGUAGE_ID, TRIM=false}, {SCHEMA_COLUMN=GT_DATE, TRIM=false}, {SCHEMA_COLUMN=IEP_DATE, TRIM=false}, {SCHEMA_COLUMN=CLASS_AFFILIATE_ID, TRIM=false}, {SCHEMA_COLUMN=GENDER, TRIM=false}, {SCHEMA_COLUMN=PHONE, TRIM=false}, {SCHEMA_COLUMN=ADDRESS, TRIM=false}, {SCHEMA_COLUMN=CITY, TRIM=false}, {SCHEMA_COLUMN=STATE, TRIM=false}, {SCHEMA_COLUMN=STATECODE, TRIM=false}, {SCHEMA_COLUMN=POSTAL, TRIM=false}, {SCHEMA_COLUMN=LATITUDE, TRIM=false}, {SCHEMA_COLUMN=LONGITUDE, TRIM=false}, {SCHEMA_COLUMN=PARENT_LAST_NAME, TRIM=false}, {SCHEMA_COLUMN=PARENT_FIRST_NAME, TRIM=false}, {SCHEMA_COLUMN=CREATEDATE, TRIM=false}, {SCHEMA_COLUMN=DI_JOB_ID, TRIM=false}, {SCHEMA_COLUMN=DI_CREATE_DATE, TRIM=false}]"/>
          <column name="No null values" value="false"/>
          <column name="Label format" value="__TABLE__"/>
          <column name="Hint format" value="&lt;b&gt;__UNIQUE_NAME__&lt;/b&gt;&lt;br&gt;__COMMENT__"/>
          <column name="Connection format" value="row"/>
          <column name="Show Information" value="false"/>
          <column name="Comment" value=""/>
          <column name="Use an existing validation rule" value="false"/>
          <column name="Validation Rule Type" value=""/>
        </parameters>
        <schemas>
          <schema name="STUDENTS_SW">
            <column name="ODS_STUDENT_ID" key="true" type="Long" length="22" precision="" nullable="true" comment=""/>
            <column name="LAST_NAME" key="false" type="String" length="100" precision="" nullable="true" comment=""/>
            <column name="FIRST_NAME" key="false" type="String" length="100" precision="" nullable="true" comment=""/>
            <column name="MIDDLE_NAME" key="false" type="String" length="15" precision="" nullable="true" comment=""/>
            <column name="GENERATION" key="false" type="String" length="20" precision="" nullable="true" comment=""/>
            <column name="LANGUAGE_ID" key="false" type="Integer" length="22" precision="" nullable="true" comment=""/>
            <column name="GT_DATE" key="false" type="java.util.Date" length="7" precision="" nullable="true" comment=""/>
            <column name="IEP_DATE" key="false" type="java.util.Date" length="7" precision="" nullable="true" comment=""/>
            <column name="CLASS_AFFILIATE_ID" key="false" type="Integer" length="22" precision="" nullable="true" comment=""/>
            <column name="GENDER" key="false" type="String" length="1" precision="" nullable="true" comment=""/>
            <column name="PHONE" key="false" type="Integer" length="22" precision="" nullable="true" comment=""/>
            <column name="ADDRESS" key="false" type="String" length="50" precision="" nullable="true" comment=""/>
            <column name="CITY" key="false" type="String" length="20" precision="" nullable="true" comment=""/>
            <column name="STATE" key="false" type="String" length="20" precision="" nullable="true" comment=""/>
            <column name="STATECODE" key="false" type="String" length="2" precision="" nullable="true" comment=""/>
            <column name="POSTAL" key="false" type="Integer" length="22" precision="" nullable="true" comment=""/>
            <column name="LATITUDE" key="false" type="String" length="15" precision="" nullable="true" comment=""/>
            <column name="LONGITUDE" key="false" type="String" length="15" precision="" nullable="true" comment=""/>
            <column name="PARENT_LAST_NAME" key="false" type="String" length="20" precision="" nullable="true" comment=""/>
            <column name="PARENT_FIRST_NAME" key="false" type="String" length="20" precision="" nullable="true" comment=""/>
            <column name="CREATEDATE" key="false" type="java.util.Date" length="7" precision="" nullable="true" comment=""/>
            <column name="DI_JOB_ID" key="false" type="String" length="10" precision="" nullable="true" comment=""/>
            <column name="DI_CREATE_DATE" key="false" type="java.util.Date" length="7" precision="" nullable="true" comment=""/>
          </schema>
        </schemas>
      </component>
      <component icon="pictures/tDBInput_2.png" uniqueName="tDBInput_2" label="__TABLE__">
        <input>none</input>
        <output link="tMap_1">tMap_1</output>
        <componentType>tOracleInput</componentType>
        <parameters>
          <column name="Database" value="tOracleInput"/>
          <column name="Unique Name" value="tDBInput_2"/>
          <column name="Component Name" value="tOracleInput"/>
          <column name="Version" value="0.102 (ALPHA)"/>
          <column name="Family" value="Databases/DB Specifics/Oracle"/>
          <column name="Start" value="false"/>
          <column name="Startable" value="true"/>
          <column name="SUBTREE_START" value="false"/>
          <column name="END_OF_FLOW" value="false"/>
          <column name="Activate" value="true"/>
          <column name="DUMMY" value="false"/>
          <column name="tStatCatcher Statistics" value="false"/>
          <column name="Help" value="org.talend.help.tOracleInput"/>
          <column name="Update components" value="true"/>
          <column name="IREPORT_PATH" value=""/>
          <column name="JAVA_LIBRARY_PATH" value="C:\Program Files (x86)\Talend-Studio\studio\configuration\lib\java"/>
          <column name="Subjob color" value=""/>
          <column name="Title color" value=""/>
          <column name="Enable parallel execution" value="false"/>
          <column name="Number of parallel executions" value="2"/>
          <column name="PARALLELIZE_KEEP_EMPTY" value="false"/>
          <column name="Property Type" value="repository: DB (ORACLE_SID):schools_sw"/>
          <column name="Use an existing connection" value="false"/>
          <column name="Component List" value=""/>
          <column name="Connection Type" value="ORACLE_SID"/>
          <column name="DB Version" value="ORACLE_18"/>
          <column name="URL" value="&quot;localhost&quot;"/>
          <column name="Host" value="&quot;localhost&quot;"/>
          <column name="Database Driver" value="ORACLE_SID"/>
          <column name="Port" value="&quot;1521&quot;"/>
          <column name="Database" value="&quot;xe&quot;"/>
          <column name="Local Service Name" value="&quot;xe&quot;"/>
          <column name="Oracle schema" value="&quot;SCHOOLS_SW&quot;"/>
          <column name="Username" value="&quot;schools_sw&quot;"/>
          <column name="Password" value="************"/>
          <column name="URL" value="&quot;jdbc:oracle:oci:/@talend&quot;"/>
          <column name="REPOSITORY_ALLOW_AUTO_SWITCH" value="true"/>
          <column name="Schema" value="Built-In"/>
          <column name="Table Name" value="&quot;STUDENT_CLASS&quot;"/>
          <column name="Query Type" value="Built-In"/>
          <column name="Guess Schema" value="&quot;&quot;"/>
          <column name="Query" value="&quot;SELECT 
  SCHOOLS_SW.STUDENT_CLASS.CLASS_AFFILIATE_ID, 
  SCHOOLS_SW.STUDENT_CLASS.CLASS_AFFILIATE, 
  SCHOOLS_SW.STUDENT_CLASS.DI_JOB_ID, 
  SCHOOLS_SW.STUDENT_CLASS.DI_CREATE_DATE
FROM SCHOOLS_SW.STUDENT_CLASS&quot;"/>
          <column name="Specify a data source alias" value="false"/>
          <column name="Data source alias" value="&quot;&quot;"/>
          <column name="Mapping" value="oracle_id"/>
          <column name="Additional JDBC Parameters" value="&quot;useSSL=False&quot;"/>
          <column name="Convert XMLType To Java Type.(just when use extract() return a NODE)" value="false"/>
          <column name="CONVERT_XMLTYPE" value="[]"/>
          <column name="Encoding" value="&quot;ISO-8859-15&quot;"/>
          <column name="Use cursor" value="false"/>
          <column name="Cursor size" value="1000"/>
          <column name="Trim all the String/Char columns" value="false"/>
          <column name="Trim column" value="[{SCHEMA_COLUMN=CLASS_AFFILIATE_ID, TRIM=false}, {SCHEMA_COLUMN=CLASS_AFFILIATE, TRIM=false}, {SCHEMA_COLUMN=DI_JOB_ID, TRIM=false}, {SCHEMA_COLUMN=DI_CREATE_DATE, TRIM=false}]"/>
          <column name="No null values" value="false"/>
          <column name="Label format" value="__TABLE__"/>
          <column name="Hint format" value="&lt;b&gt;__UNIQUE_NAME__&lt;/b&gt;&lt;br&gt;__COMMENT__"/>
          <column name="Connection format" value="row"/>
          <column name="Show Information" value="false"/>
          <column name="Comment" value=""/>
          <column name="Use an existing validation rule" value="false"/>
          <column name="Validation Rule Type" value=""/>
        </parameters>
        <schemas>
          <schema name="STUDENT_CLASS">
            <column name="CLASS_AFFILIATE_ID" key="true" type="Integer" length="10" precision="" nullable="true" comment=""/>
            <column name="CLASS_AFFILIATE" key="false" type="String" length="50" precision="" nullable="true" comment=""/>
            <column name="DI_JOB_ID" key="false" type="String" length="20" precision="" nullable="true" comment=""/>
            <column name="DI_CREATE_DATE" key="false" type="java.util.Date" length="11" precision="3" nullable="true" comment=""/>
          </schema>
        </schemas>
      </component>
      <component icon="pictures/tDBInput_3.png" uniqueName="tDBInput_3" label="__TABLE__">
        <input>none</input>
        <output link="tMap_1">tMap_1</output>
        <componentType>tOracleInput</componentType>
        <parameters>
          <column name="Database" value="tOracleInput"/>
          <column name="Unique Name" value="tDBInput_3"/>
          <column name="Component Name" value="tOracleInput"/>
          <column name="Version" value="0.102 (ALPHA)"/>
          <column name="Family" value="Databases/DB Specifics/Oracle"/>
          <column name="Start" value="false"/>
          <column name="Startable" value="true"/>
          <column name="SUBTREE_START" value="false"/>
          <column name="END_OF_FLOW" value="false"/>
          <column name="Activate" value="true"/>
          <column name="DUMMY" value="false"/>
          <column name="tStatCatcher Statistics" value="false"/>
          <column name="Help" value="org.talend.help.tOracleInput"/>
          <column name="Update components" value="true"/>
          <column name="IREPORT_PATH" value=""/>
          <column name="JAVA_LIBRARY_PATH" value="C:\Program Files (x86)\Talend-Studio\studio\configuration\lib\java"/>
          <column name="Subjob color" value=""/>
          <column name="Title color" value=""/>
          <column name="Enable parallel execution" value="false"/>
          <column name="Number of parallel executions" value="2"/>
          <column name="PARALLELIZE_KEEP_EMPTY" value="false"/>
          <column name="Property Type" value="repository: DB (ORACLE_SID):schools_sw"/>
          <column name="Use an existing connection" value="false"/>
          <column name="Component List" value=""/>
          <column name="Connection Type" value="ORACLE_SID"/>
          <column name="DB Version" value="ORACLE_18"/>
          <column name="URL" value="&quot;localhost&quot;"/>
          <column name="Host" value="&quot;localhost&quot;"/>
          <column name="Database Driver" value="ORACLE_SID"/>
          <column name="Port" value="&quot;1521&quot;"/>
          <column name="Database" value="&quot;xe&quot;"/>
          <column name="Local Service Name" value="&quot;xe&quot;"/>
          <column name="Oracle schema" value="&quot;SCHOOLS_SW&quot;"/>
          <column name="Username" value="&quot;schools_sw&quot;"/>
          <column name="Password" value="************"/>
          <column name="URL" value="&quot;jdbc:oracle:oci:/@talend&quot;"/>
          <column name="REPOSITORY_ALLOW_AUTO_SWITCH" value="true"/>
          <column name="Schema" value="Built-In"/>
          <column name="Table Name" value="&quot;LANGUAGE&quot;"/>
          <column name="Query Type" value="Built-In"/>
          <column name="Guess Schema" value="&quot;&quot;"/>
          <column name="Query" value="&quot;SELECT 
  SCHOOLS_SW.LANGUAGE.LANGUAGE_ID, 
  SCHOOLS_SW.LANGUAGE.LANGUAGE, 
  SCHOOLS_SW.LANGUAGE.DI_JOB_ID, 
  SCHOOLS_SW.LANGUAGE.DI_CREATE_DATE
FROM SCHOOLS_SW.LANGUAGE&quot;"/>
          <column name="Specify a data source alias" value="false"/>
          <column name="Data source alias" value="&quot;&quot;"/>
          <column name="Mapping" value="oracle_id"/>
          <column name="Additional JDBC Parameters" value="&quot;useSSL=False&quot;"/>
          <column name="Convert XMLType To Java Type.(just when use extract() return a NODE)" value="false"/>
          <column name="CONVERT_XMLTYPE" value="[]"/>
          <column name="Encoding" value="&quot;ISO-8859-15&quot;"/>
          <column name="Use cursor" value="false"/>
          <column name="Cursor size" value="1000"/>
          <column name="Trim all the String/Char columns" value="false"/>
          <column name="Trim column" value="[{SCHEMA_COLUMN=LANGUAGE_ID, TRIM=false}, {SCHEMA_COLUMN=LANGUAGE, TRIM=false}, {SCHEMA_COLUMN=DI_JOB_ID, TRIM=false}, {SCHEMA_COLUMN=DI_CREATE_DATE, TRIM=false}]"/>
          <column name="No null values" value="false"/>
          <column name="Label format" value="__TABLE__"/>
          <column name="Hint format" value="&lt;b&gt;__UNIQUE_NAME__&lt;/b&gt;&lt;br&gt;__COMMENT__"/>
          <column name="Connection format" value="row"/>
          <column name="Show Information" value="false"/>
          <column name="Comment" value=""/>
          <column name="Use an existing validation rule" value="false"/>
          <column name="Validation Rule Type" value=""/>
        </parameters>
        <schemas>
          <schema name="LANGUAGE">
            <column name="LANGUAGE_ID" key="false" type="Integer" length="10" precision="" nullable="true" comment=""/>
            <column name="LANGUAGE" key="false" type="String" length="50" precision="" nullable="true" comment=""/>
            <column name="DI_JOB_ID" key="false" type="String" length="20" precision="" nullable="true" comment=""/>
            <column name="DI_CREATE_DATE" key="false" type="java.util.Date" length="11" precision="3" nullable="true" comment=""/>
          </schema>
        </schemas>
      </component>
      <component icon="pictures/tDBOutput_1.png" uniqueName="tDBOutput_1" label="__TABLE__">
        <input link="tMap_1">tMap_1</input>
        <input link="tFileInputDelimited_1">tFileInputDelimited_1</input>
        <input link="tDBInput_2">tDBInput_2</input>
        <input link="tDBInput_3">tDBInput_3</input>
        <output>none</output>
        <componentType>tMysqlOutput</componentType>
        <parameters>
          <column name="Database" value="tMysqlOutput"/>
          <column name="Unique Name" value="tDBOutput_1"/>
          <column name="Component Name" value="tMysqlOutput"/>
          <column name="Version" value="0.102 (ALPHA)"/>
          <column name="Family" value="Databases/DB Specifics/MySQL"/>
          <column name="Startable" value="false"/>
          <column name="SUBTREE_START" value="false"/>
          <column name="END_OF_FLOW" value="true"/>
          <column name="Activate" value="true"/>
          <column name="DUMMY" value="false"/>
          <column name="tStatCatcher Statistics" value="false"/>
          <column name="Help" value="org.talend.help.tMysqlOutput"/>
          <column name="Update components" value="true"/>
          <column name="IREPORT_PATH" value=""/>
          <column name="JAVA_LIBRARY_PATH" value="C:\Program Files (x86)\Talend-Studio\studio\configuration\lib\java"/>
          <column name="Subjob color" value=""/>
          <column name="Title color" value=""/>
          <column name="Enable parallel execution" value="false"/>
          <column name="Number of parallel executions" value="2"/>
          <column name="PARALLELIZE_KEEP_EMPTY" value="false"/>
          <column name="Property Type" value="repository: DB (MYSQL):schools_dw"/>
          <column name="DB Version" value="MYSQL_8"/>
          <column name="Use an existing connection" value="false"/>
          <column name="Component List" value=""/>
          <column name="Database Driver" value="MYSQL"/>
          <column name="Host" value="&quot;localhost&quot;"/>
          <column name="Port" value="&quot;3306&quot;"/>
          <column name="Database" value="&quot;schools_dw&quot;"/>
          <column name="Username" value="&quot;root&quot;"/>
          <column name="Password" value="*********"/>
          <column name="Table" value="&quot;dim_students&quot;"/>
          <column name="Action on table" value="NONE"/>
          <column name="Action on data" value="INSERT_ON_DUPLICATE_KEY_UPDATE"/>
          <column name="REPOSITORY_ALLOW_AUTO_SWITCH" value="true"/>
          <column name="Schema" value="Built-In"/>
          <column name="Reject Schema" value="Built-In"/>
          <column name="Specify a data source alias" value="false"/>
          <column name="Data source alias" value="&quot;&quot;"/>
          <column name="Die on error" value="false"/>
          <column name="Mapping" value="mysql_id"/>
          <column name="Additional JDBC Parameters" value="&quot;noDatetimeStringSync=true&amp;useSSL=False&quot;"/>
          <column name="Extend Insert" value="true"/>
          <column name="Number of rows per insert" value="100"/>
          <column name="Use Batch Size" value="true"/>
          <column name="Batch Size" value="10000"/>
          <column name="Encoding" value="&quot;ISO-8859-15&quot;"/>
          <column name="Commit every" value="10000"/>
          <column name="Additional columns" value="[]"/>
          <column name="Use field options" value="false"/>
          <column name="Field options" value="[{SCHEMA_COLUMN=Student_SK, UPDATE_KEY=false, DELETE_KEY=false, UPDATABLE=true, INSERTABLE=true}, {SCHEMA_COLUMN=Student_Id, UPDATE_KEY=false, DELETE_KEY=false, UPDATABLE=true, INSERTABLE=true}, {SCHEMA_COLUMN=ODS_Student_Id, UPDATE_KEY=false, DELETE_KEY=false, UPDATABLE=true, INSERTABLE=true}, {SCHEMA_COLUMN=State_Student_Id, UPDATE_KEY=false, DELETE_KEY=false, UPDATABLE=true, INSERTABLE=true}, {SCHEMA_COLUMN=PermNum, UPDATE_KEY=false, DELETE_KEY=false, UPDATABLE=true, INSERTABLE=true}, {SCHEMA_COLUMN=Last_Name, UPDATE_KEY=false, DELETE_KEY=false, UPDATABLE=true, INSERTABLE=true}, {SCHEMA_COLUMN=First_Name, UPDATE_KEY=false, DELETE_KEY=false, UPDATABLE=true, INSERTABLE=true}, {SCHEMA_COLUMN=Middle_Name, UPDATE_KEY=false, DELETE_KEY=false, UPDATABLE=true, INSERTABLE=true}, {SCHEMA_COLUMN=Generation, UPDATE_KEY=false, DELETE_KEY=false, UPDATABLE=true, INSERTABLE=true}, {SCHEMA_COLUMN=Language_Id, UPDATE_KEY=false, DELETE_KEY=false, UPDATABLE=true, INSERTABLE=true}, {SCHEMA_COLUMN=Language, UPDATE_KEY=false, DELETE_KEY=false, UPDATABLE=true, INSERTABLE=true}, {SCHEMA_COLUMN=GT_Date, UPDATE_KEY=false, DELETE_KEY=false, UPDATABLE=true, INSERTABLE=true}, {SCHEMA_COLUMN=IEP_Date, UPDATE_KEY=false, DELETE_KEY=false, UPDATABLE=true, INSERTABLE=true}, {SCHEMA_COLUMN=Class_Affiliate_ID, UPDATE_KEY=false, DELETE_KEY=false, UPDATABLE=true, INSERTABLE=true}, {SCHEMA_COLUMN=Class_Affiliate, UPDATE_KEY=false, DELETE_KEY=false, UPDATABLE=true, INSERTABLE=true}, {SCHEMA_COLUMN=Gender, UPDATE_KEY=false, DELETE_KEY=false, UPDATABLE=true, INSERTABLE=true}, {SCHEMA_COLUMN=address, UPDATE_KEY=false, DELETE_KEY=false, UPDATABLE=true, INSERTABLE=true}, {SCHEMA_COLUMN=geo_sk, UPDATE_KEY=false, DELETE_KEY=false, UPDATABLE=true, INSERTABLE=true}, {SCHEMA_COLUMN=zipcode, UPDATE_KEY=false, DELETE_KEY=false, UPDATABLE=true, INSERTABLE=true}, {SCHEMA_COLUMN=latitude, UPDATE_KEY=false, DELETE_KEY=false, UPDATABLE=true, INSERTABLE=true}, {SCHEMA_COLUMN=longitude, UPDATE_KEY=false, DELETE_KEY=false, UPDATABLE=true, INSERTABLE=true}, {SCHEMA_COLUMN=SOR_ID, UPDATE_KEY=false, DELETE_KEY=false, UPDATABLE=true, INSERTABLE=true}, {SCHEMA_COLUMN=DI_Job_ID, UPDATE_KEY=false, DELETE_KEY=false, UPDATABLE=true, INSERTABLE=true}, {SCHEMA_COLUMN=DI_Create_Date, UPDATE_KEY=false, DELETE_KEY=false, UPDATABLE=true, INSERTABLE=true}, {SCHEMA_COLUMN=DI_Modified_Date, UPDATE_KEY=false, DELETE_KEY=false, UPDATABLE=true, INSERTABLE=true}]"/>
          <column name="Use Hint Options" value="false"/>
          <column name="Hint Options" value="[]"/>
          <column name="Enable debug mode" value="false"/>
          <column name="Use duplicate key update mode insert" value="false"/>
          <column name="DUPLICATED_KEYS" value="[]"/>
          <column name="Support null in &quot;SQL WHERE&quot; statement" value="false"/>
          <column name="Label format" value="__TABLE__"/>
          <column name="Hint format" value="&lt;b&gt;__UNIQUE_NAME__&lt;/b&gt;&lt;br&gt;__COMMENT__"/>
          <column name="Connection format" value="row"/>
          <column name="Show Information" value="false"/>
          <column name="Comment" value=""/>
          <column name="Use an existing validation rule" value="false"/>
          <column name="Validation Rule Type" value=""/>
        </parameters>
        <schemas>
          <schema name="dim_students">
            <column name="Student_SK" key="true" type="int" length="10" precision="" nullable="false" comment=""/>
            <column name="Student_Id" key="true" type="int" length="10" precision="" nullable="false" comment=""/>
            <column name="ODS_Student_Id" key="false" type="Long" length="19" precision="" nullable="true" comment=""/>
            <column name="State_Student_Id" key="false" type="Long" length="19" precision="" nullable="true" comment=""/>
            <column name="PermNum" key="false" type="Long" length="19" precision="" nullable="true" comment=""/>
            <column name="Last_Name" key="false" type="String" length="150" precision="" nullable="true" comment=""/>
            <column name="First_Name" key="false" type="String" length="150" precision="" nullable="true" comment=""/>
            <column name="Middle_Name" key="false" type="String" length="150" precision="" nullable="true" comment=""/>
            <column name="Generation" key="false" type="String" length="10" precision="" nullable="true" comment=""/>
            <column name="Language_Id" key="false" type="int" length="10" precision="" nullable="false" comment=""/>
            <column name="Language" key="false" type="String" length="50" precision="" nullable="true" comment=""/>
            <column name="GT_Date" key="false" type="java.util.Date" length="26" precision="" nullable="true" comment=""/>
            <column name="IEP_Date" key="false" type="java.util.Date" length="26" precision="" nullable="true" comment=""/>
            <column name="Class_Affiliate_ID" key="false" type="int" length="10" precision="" nullable="false" comment=""/>
            <column name="Class_Affiliate" key="false" type="String" length="50" precision="" nullable="true" comment=""/>
            <column name="Gender" key="false" type="String" length="1" precision="" nullable="true" comment=""/>
            <column name="address" key="false" type="String" length="50" precision="" nullable="true" comment=""/>
            <column name="geo_sk" key="false" type="Integer" length="10" precision="" nullable="true" comment=""/>
            <column name="zipcode" key="false" type="Integer" length="10" precision="" nullable="true" comment=""/>
            <column name="latitude" key="false" type="String" length="28" precision="10" nullable="true" comment=""/>
            <column name="longitude" key="false" type="String" length="28" precision="10" nullable="true" comment=""/>
            <column name="SOR_ID" key="false" type="Integer" length="10" precision="" nullable="true" comment=""/>
            <column name="DI_Job_ID" key="false" type="String" length="20" precision="" nullable="true" comment=""/>
            <column name="DI_Create_Date" key="false" type="java.util.Date" length="26" precision="" nullable="false" comment=""/>
            <column name="DI_Modified_Date" key="false" type="java.util.Date" length="26" precision="" nullable="false" comment=""/>
          </schema>
        </schemas>
      </component>
      <component icon="pictures/tFileInputDelimited_1.png" uniqueName="tFileInputDelimited_1" label="students_crossref">
        <input>none</input>
        <output link="tMap_1">tMap_1</output>
        <componentType>tFileInputDelimited</componentType>
        <parameters>
          <column name="Unique Name" value="tFileInputDelimited_1"/>
          <column name="Component Name" value="tFileInputDelimited"/>
          <column name="Version" value="0.102 (ALPHA)"/>
          <column name="Family" value="File/Input"/>
          <column name="Start" value="false"/>
          <column name="Startable" value="true"/>
          <column name="SUBTREE_START" value="false"/>
          <column name="END_OF_FLOW" value="false"/>
          <column name="Activate" value="true"/>
          <column name="DUMMY" value="false"/>
          <column name="tStatCatcher Statistics" value="false"/>
          <column name="Help" value="org.talend.help.tFileInputDelimited"/>
          <column name="Update components" value="true"/>
          <column name="IREPORT_PATH" value=""/>
          <column name="JAVA_LIBRARY_PATH" value="C:\Program Files (x86)\Talend-Studio\studio\configuration\lib\java"/>
          <column name="Subjob color" value=""/>
          <column name="Title color" value=""/>
          <column name="Enable parallel execution" value="false"/>
          <column name="Number of parallel executions" value="2"/>
          <column name="PARALLELIZE_KEEP_EMPTY" value="false"/>
          <column name="Property Type" value="repository: DELIM:students_crossref"/>
          <column name="REPOSITORY_ALLOW_AUTO_SWITCH" value="true"/>
          <column name="Schema" value="Built-In"/>
          <column name="File name/Stream" value="&quot;C:/Users/vaibh/OneDrive/Desktop/INFO7290/Project/Students_crossref.csv&quot;"/>
          <column name="CSV options" value="false"/>
          <column name="Row Separator" value="&quot;\n&quot;"/>
          <column name="CSV Row Separator" value="&quot;\n&quot;"/>
          <column name="Field Separator" value="&quot;,&quot;"/>
          <column name="Escape char" value="&quot;&quot;&quot;"/>
          <column name="Text enclosure" value="&quot;&quot;&quot;"/>
          <column name="Header" value="1"/>
          <column name="Footer" value="0"/>
          <column name="Limit" value=""/>
          <column name="Skip empty rows" value="false"/>
          <column name="Uncompress as zip file" value="false"/>
          <column name="Die on error" value="false"/>
          <column name="Schema" value="Built-In"/>
          <column name="!!!TEMP_DIR.NAME!!!" value="&quot;C:/Users/vaibh/workspace&quot;"/>
          <column name="Advanced separator (for numbers)" value="false"/>
          <column name="Thousands separator" value="&quot;,&quot;"/>
          <column name="Decimal separator" value="&quot;.&quot;"/>
          <column name="Extract lines at random" value="false"/>
          <column name="Number of lines" value="10"/>
          <column name="Trim all columns" value="false"/>
          <column name="Check column to trim" value="[{SCHEMA_COLUMN=StudentId, TRIM=false}, {SCHEMA_COLUMN=ODS_Student_Id, TRIM=false}, {SCHEMA_COLUMN=State_Student_Id, TRIM=false}, {SCHEMA_COLUMN=PermNum, TRIM=false}]"/>
          <column name="Check each row structure against schema" value="false"/>
          <column name="Check date" value="false"/>
          <column name="Encoding" value="&quot;UTF-8&quot;"/>
          <column name="Split row before field" value="false"/>
          <column name="Permit hexadecimal (0xNNN) or octal (0NNNN) for numeric types" value="false"/>
          <column name="Decode table" value="[{SCHEMA_COLUMN=StudentId, DECODE=false}, {SCHEMA_COLUMN=ODS_Student_Id, DECODE=false}, {SCHEMA_COLUMN=State_Student_Id, DECODE=false}, {SCHEMA_COLUMN=PermNum, DECODE=false}]"/>
          <column name="!!!DESTINATION.NAME!!!" value=""/>
          <column name="Min column number of optimize code" value="100"/>
          <column name="Label format" value="students_crossref"/>
          <column name="Hint format" value="&lt;b&gt;__UNIQUE_NAME__&lt;/b&gt;&lt;br&gt;__COMMENT__"/>
          <column name="Connection format" value="row"/>
          <column name="Show Information" value="false"/>
          <column name="Comment" value=""/>
          <column name="Use an existing validation rule" value="false"/>
          <column name="Validation Rule Type" value=""/>
        </parameters>
        <schemas>
          <schema name="metadata">
            <column name="StudentId" key="true" type="int" length="32" precision="" nullable="false" comment=""/>
            <column name="ODS_Student_Id" key="false" type="Long" length="" precision="" nullable="true" comment=""/>
            <column name="State_Student_Id" key="false" type="Long" length="" precision="" nullable="true" comment=""/>
            <column name="PermNum" key="false" type="long" length="" precision="" nullable="false" comment=""/>
          </schema>
        </schemas>
      </component>
    </internalNodeComponents>
    <externalNodeComponents>
      <component icon="pictures/tMap_1.png" uniqueName="tMap_1" label="__UNIQUE_NAME__" preview="pictures/external_preview_tMap_1.png">
        <input link="tMap_1">tMap_1</input>
        <input link="tFileInputDelimited_1">tFileInputDelimited_1</input>
        <input link="tDBInput_2">tDBInput_2</input>
        <input link="tDBInput_3">tDBInput_3</input>
        <output link="tDBOutput_1">tDBOutput_1</output>
        <componentType>tMap</componentType>
        <!--tMap_1-->
      </component>
    </externalNodeComponents>
    <connections>
      <connection label="row1" lineStyle="0" metaname="tDBInput_1" offsetLabelX="0" offsetLabelY="0" source="tDBInput_1" target="tMap_1"/>
      <connection label="sw" lineStyle="0" metaname="sw" offsetLabelX="0" offsetLabelY="0" source="tMap_1" target="tDBOutput_1"/>
      <connection label="row4" lineStyle="8" metaname="tFileInputDelimited_1" offsetLabelX="0" offsetLabelY="0" source="tFileInputDelimited_1" target="tMap_1"/>
      <connection label="row2" lineStyle="8" metaname="tDBInput_2" offsetLabelX="0" offsetLabelY="0" source="tDBInput_2" target="tMap_1"/>
      <connection label="row3" lineStyle="8" metaname="tDBInput_3" offsetLabelX="0" offsetLabelY="0" source="tDBInput_3" target="tMap_1"/>
    </connections>
  </job>
</project>
