<?xml version="1.1" encoding="UTF-8"?>

<project i18n.job.generated.documetation="Generated documentation" i18n.job.project.name="Project Name" i18n.job.generated.date="GENERATION DATE" i18n.job.author="AUTHOR" i18n.job.summary="Summary" i18n.job.project.description="Project Description" i18n.job.job.description="Description" i18n.job.job.preview.picture="Preview Picture" i18n.job.job.setting="Settings" i18n.job.context.list="Context List" i18n.job.component.list="Component List" i18n.job.components.description="Components Description" i18n.job.source.code="Source Code" i18n.job.properties="Properties" i18n.job.values="Values" i18n.job.name="Name" i18n.job.language="Language" i18n.job.description="Description" i18n.job.author.min="Author" i18n.job.version="Version" i18n.job.purpose="Purpose" i18n.job.status="Status" i18n.job.creation="Creation" i18n.job.modification="Modification" i18n.job.extract.settings="Extra settings" i18n.job.value="Value" i18n.job.stats.logs="Status &amp; Logs" i18n.job.context="Context" i18n.job.promt="Prompt" i18n.job.need.promt="Need Prompt?" i18n.job.type="Type" i18n.job.source="Source" i18n.job.component.name="Component Name" i18n.job.component.type="Component Type" i18n.job.component="Component" i18n.job.unique.name="UNIQUE NAME" i18n.job.input="INPUT(S)" i18n.job.label="LABEL" i18n.job.output="OUTPUT(S)" i18n.job.component.parameters="Component Parameters:" i18n.job.schema.for="Schema for " i18n.job.column="Column" i18n.job.key="Key" i18n.job.length="Length" i18n.job.precision="Precision" i18n.job.nullable="Nullable" i18n.job.comment="Comment" i18n.job.original.function.parameters="Original Function Parameters:" i18n.job.ended="ended" i18n.job.content="content" i18n.route.manifest.type="Type" i18n.route.manifest.value="Value" i18n.route.resource.name="Name" i18n.route.resource.version="Version" i18n.route.resource.path="Path" name="Project_DWBI" logo="pictures/logo.jpg" title="Generated by Talend Real-time Big Data Platform" link="http://www.talend.com" language="java" generatedDate="Dec 10, 2019 11:38:25 PM" versionName="Talend Real-time VERSION " version="7.1.1.20181026_1147" docType="Jobs" company="">
  <pro-description><![CDATA[]]></pro-description>
  <job name="dim_behavior_resoultion_type" author="user@talend.com" i18n.job.extract.settings.type="i18n.job.extract.settings" i18n.job.stats.logs.type="i18n.job.stats.logs" version="0.1" purpose="" status="" creation="Dec 10, 2019 6:51:47 AM" modification="Dec 10, 2019 6:14:50 PM">
    <description><![CDATA[<br/>]]></description>
    <preview picture="pictures/dim_behavior_resoultion_type_0.1.png"/>
    <contextList>
      <context name="Default"/>
    </contextList>
    <jobSetting>
      <extra>
        <jobParameter name="COMP_DEFAULT_FILE_DIR" value=""/>
        <jobParameter name="Multi thread execution" value="false"/>
        <jobParameter name="Implicit tContextLoad" value="false"/>
      </extra>
      <Statslogs>
        <jobParameter name="Use statistics (tStatCatcher)" value="false"/>
        <jobParameter name="Use logs (tLogCatcher)" value="false"/>
        <jobParameter name="Use volumetrics (tFlowMeterCatcher)" value="false"/>
        <jobParameter name="On Console" value="false"/>
        <jobParameter name="On Files" value="false"/>
        <jobParameter name="On Databases" value="false"/>
        <jobParameter name="Catch components statistics" value="false"/>
        <jobParameter name="Catch runtime errors" value="true"/>
        <jobParameter name="Catch user errors" value="true"/>
        <jobParameter name="Catch user warnings" value="true"/>
      </Statslogs>
    </jobSetting>
    <componentList>
      <componentItem name="tDBInput_1" link="tDBInput_1" type="tMysqlInput" leftTopX="288" leftTopY="160" rightBottomX="320" rightBottomY="192"/>
      <componentItem name="tDBInput_2" link="tDBInput_2" type="tMSSqlInput" leftTopX="288" leftTopY="288" rightBottomX="320" rightBottomY="320"/>
      <componentItem name="tDBInput_3" link="tDBInput_3" type="tMSSqlInput" leftTopX="288" leftTopY="416" rightBottomX="320" rightBottomY="448"/>
      <componentItem name="tDBInput_4" link="tDBInput_4" type="tPostgresqlInput" leftTopX="288" leftTopY="544" rightBottomX="320" rightBottomY="576"/>
      <componentItem name="tDBInput_5" link="tDBInput_5" type="tOracleInput" leftTopX="288" leftTopY="672" rightBottomX="320" rightBottomY="704"/>
      <componentItem name="tDBOutput_1" link="tDBOutput_1" type="tMysqlOutput" leftTopX="1056" leftTopY="160" rightBottomX="1088" rightBottomY="192"/>
      <componentItem name="tDBOutput_2" link="tDBOutput_2" type="tMysqlOutput" leftTopX="1056" leftTopY="288" rightBottomX="1088" rightBottomY="320"/>
      <componentItem name="tDBOutput_3" link="tDBOutput_3" type="tMysqlOutput" leftTopX="1056" leftTopY="416" rightBottomX="1088" rightBottomY="448"/>
      <componentItem name="tDBOutput_4" link="tDBOutput_4" type="tMysqlOutput" leftTopX="1056" leftTopY="544" rightBottomX="1088" rightBottomY="576"/>
      <componentItem name="tDBOutput_5" link="tDBOutput_5" type="tMysqlOutput" leftTopX="1056" leftTopY="672" rightBottomX="1088" rightBottomY="704"/>
      <componentItem name="tMap_1" link="tMap_1" type="tMap" leftTopX="640" leftTopY="160" rightBottomX="672" rightBottomY="192"/>
      <componentItem name="tMap_2" link="tMap_2" type="tMap" leftTopX="640" leftTopY="288" rightBottomX="672" rightBottomY="320"/>
      <componentItem name="tMap_3" link="tMap_3" type="tMap" leftTopX="640" leftTopY="416" rightBottomX="672" rightBottomY="448"/>
      <componentItem name="tMap_4" link="tMap_4" type="tMap" leftTopX="640" leftTopY="544" rightBottomX="672" rightBottomY="576"/>
      <componentItem name="tMap_5" link="tMap_5" type="tMap" leftTopX="640" leftTopY="672" rightBottomX="672" rightBottomY="704"/>
    </componentList>
    <internalNodeComponents>
      <component icon="pictures/tDBInput_1.png" uniqueName="tDBInput_1" label="__TABLE__">
        <input>none</input>
        <output link="tMap_1">tMap_1</output>
        <componentType>tMysqlInput</componentType>
        <parameters>
          <column name="Database" value="tMysqlInput"/>
          <column name="Unique Name" value="tDBInput_1"/>
          <column name="Component Name" value="tMysqlInput"/>
          <column name="Version" value="0.102 (ALPHA)"/>
          <column name="Family" value="Databases/DB Specifics/MySQL"/>
          <column name="Start" value="true"/>
          <column name="Startable" value="true"/>
          <column name="SUBTREE_START" value="true"/>
          <column name="END_OF_FLOW" value="false"/>
          <column name="Activate" value="true"/>
          <column name="DUMMY" value="false"/>
          <column name="tStatCatcher Statistics" value="false"/>
          <column name="Help" value="org.talend.help.tMysqlInput"/>
          <column name="Update components" value="true"/>
          <column name="IREPORT_PATH" value=""/>
          <column name="JAVA_LIBRARY_PATH" value="C:\Program Files (x86)\Talend-Studio\studio\configuration\lib\java"/>
          <column name="Subjob color" value=""/>
          <column name="Title color" value=""/>
          <column name="Enable parallel execution" value="false"/>
          <column name="Number of parallel executions" value="2"/>
          <column name="PARALLELIZE_KEEP_EMPTY" value="false"/>
          <column name="Property Type" value="repository: DB (MYSQL):schools_al"/>
          <column name="DB Version" value="MYSQL_8"/>
          <column name="Use an existing connection" value="false"/>
          <column name="Component List" value=""/>
          <column name="Host" value="&quot;localhost&quot;"/>
          <column name="Port" value="&quot;3306&quot;"/>
          <column name="Database" value="&quot;schools_al&quot;"/>
          <column name="Database Driver" value="MYSQL"/>
          <column name="Username" value="&quot;root&quot;"/>
          <column name="Password" value="*********"/>
          <column name="REPOSITORY_ALLOW_AUTO_SWITCH" value="true"/>
          <column name="Schema" value="Built-In"/>
          <column name="Table Name" value="&quot;behavior_resolution_type&quot;"/>
          <column name="Query Type" value="Built-In"/>
          <column name="Guess Schema" value="&quot;&quot;"/>
          <column name="Query" value="&quot;SELECT 
  `behavior_resolution_type`.`Behavior_Resolution_id`, 
  `behavior_resolution_type`.`Behavior_Resolution_Desc`, 
  `behavior_resolution_type`.`Behavior_Resolution_Code`, 
  `behavior_resolution_type`.`DI_Job_ID`, 
  `behavior_resolution_type`.`DI_Create_Date`
FROM `behavior_resolution_type`&quot;"/>
          <column name="Specify a data source alias" value="false"/>
          <column name="Data source alias" value="&quot;&quot;"/>
          <column name="Mapping" value="mysql_id"/>
          <column name="Additional JDBC Parameters" value="&quot;noDatetimeStringSync=true&amp;useSSL=False&quot;"/>
          <column name="Encoding" value="&quot;ISO-8859-15&quot;"/>
          <column name="Enable stream" value="false"/>
          <column name="Trim all the String/Char columns" value="false"/>
          <column name="Trim column" value="[{SCHEMA_COLUMN=Behavior_Resolution_id, TRIM=false}, {SCHEMA_COLUMN=Behavior_Resolution_Desc, TRIM=false}, {SCHEMA_COLUMN=Behavior_Resolution_Code, TRIM=false}, {SCHEMA_COLUMN=DI_Job_ID, TRIM=false}, {SCHEMA_COLUMN=DI_Create_Date, TRIM=false}]"/>
          <column name="Label format" value="__TABLE__"/>
          <column name="Hint format" value="&lt;b&gt;__UNIQUE_NAME__&lt;/b&gt;&lt;br&gt;__COMMENT__"/>
          <column name="Connection format" value="row"/>
          <column name="Show Information" value="false"/>
          <column name="Comment" value=""/>
          <column name="Use an existing validation rule" value="false"/>
          <column name="Validation Rule Type" value=""/>
        </parameters>
        <schemas>
          <schema name="behavior_resolution_type">
            <column name="Behavior_Resolution_id" key="true" type="int" length="10" precision="" nullable="false" comment=""/>
            <column name="Behavior_Resolution_Desc" key="false" type="String" length="150" precision="" nullable="false" comment=""/>
            <column name="Behavior_Resolution_Code" key="false" type="String" length="5" precision="" nullable="false" comment=""/>
            <column name="DI_Job_ID" key="false" type="String" length="20" precision="" nullable="true" comment=""/>
            <column name="DI_Create_Date" key="false" type="java.util.Date" length="26" precision="" nullable="false" comment=""/>
          </schema>
        </schemas>
      </component>
      <component icon="pictures/tDBInput_2.png" uniqueName="tDBInput_2" label="__TABLE__">
        <input>none</input>
        <output link="tMap_2">tMap_2</output>
        <componentType>tMSSqlInput</componentType>
        <parameters>
          <column name="Database" value="tMSSqlInput"/>
          <column name="Unique Name" value="tDBInput_2"/>
          <column name="Component Name" value="tMSSqlInput"/>
          <column name="Version" value="0.102 (ALPHA)"/>
          <column name="Family" value="Databases/DB Specifics/MS_SQL_Server"/>
          <column name="Start" value="true"/>
          <column name="Startable" value="true"/>
          <column name="SUBTREE_START" value="true"/>
          <column name="END_OF_FLOW" value="false"/>
          <column name="Activate" value="true"/>
          <column name="DUMMY" value="false"/>
          <column name="tStatCatcher Statistics" value="false"/>
          <column name="Help" value="org.talend.help.tMSSqlInput"/>
          <column name="Update components" value="true"/>
          <column name="IREPORT_PATH" value=""/>
          <column name="JAVA_LIBRARY_PATH" value="C:\Program Files (x86)\Talend-Studio\studio\configuration\lib\java"/>
          <column name="Subjob color" value=""/>
          <column name="Title color" value=""/>
          <column name="Enable parallel execution" value="false"/>
          <column name="Number of parallel executions" value="2"/>
          <column name="PARALLELIZE_KEEP_EMPTY" value="false"/>
          <column name="Use an existing connection" value="false"/>
          <column name="Component List" value=""/>
          <column name="Property Type" value="repository: DB (MSSQL):schools_ne"/>
          <column name="Host" value="&quot;localhost&quot;"/>
          <column name="JDBC Provider" value="JTDS"/>
          <column name="Database Driver" value="MSSQL"/>
          <column name="Port" value="&quot;1433&quot;"/>
          <column name="Schema" value="&quot;dbo&quot;"/>
          <column name="Database" value="&quot;schools_ne&quot;"/>
          <column name="Username" value="&quot;info7290&quot;"/>
          <column name="Password" value="**********"/>
          <column name="REPOSITORY_ALLOW_AUTO_SWITCH" value="true"/>
          <column name="Schema" value="Built-In"/>
          <column name="Table Name" value="&quot;Behavior_Resolution_Type&quot;"/>
          <column name="Query Type" value="Built-In"/>
          <column name="Guess Schema" value="&quot;&quot;"/>
          <column name="Query" value="&quot;SELECT dbo.Behavior_Resolution_Type.Behavior_Resolution_id,
		dbo.Behavior_Resolution_Type.Behavior_Resolution_Desc,
		dbo.Behavior_Resolution_Type.Behavior_Resolution_Code,
		dbo.Behavior_Resolution_Type.DI_Job_ID,
		dbo.Behavior_Resolution_Type.DI_Create_Date
FROM	dbo.Behavior_Resolution_Type&quot;"/>
          <column name="Specify a data source alias" value="false"/>
          <column name="Data source alias" value="&quot;&quot;"/>
          <column name="Mapping" value="id_MSSQL"/>
          <column name="Additional JDBC Parameters" value="&quot;useSSL=False&quot;"/>
          <column name="Encoding" value="&quot;ISO-8859-15&quot;"/>
          <column name="Trim all the String/Char columns" value="false"/>
          <column name="Trim column" value="[{SCHEMA_COLUMN=Behavior_Resolution_id, TRIM=false}, {SCHEMA_COLUMN=Behavior_Resolution_Desc, TRIM=false}, {SCHEMA_COLUMN=Behavior_Resolution_Code, TRIM=false}, {SCHEMA_COLUMN=DI_Job_ID, TRIM=false}, {SCHEMA_COLUMN=DI_Create_Date, TRIM=false}]"/>
          <column name="Label format" value="__TABLE__"/>
          <column name="Hint format" value="&lt;b&gt;__UNIQUE_NAME__&lt;/b&gt;&lt;br&gt;__COMMENT__"/>
          <column name="Connection format" value="row"/>
          <column name="Show Information" value="false"/>
          <column name="Comment" value=""/>
          <column name="Use an existing validation rule" value="false"/>
          <column name="Validation Rule Type" value=""/>
        </parameters>
        <schemas>
          <schema name="Behavior_Resolution_Type">
            <column name="Behavior_Resolution_id" key="true" type="int" length="10" precision="" nullable="false" comment=""/>
            <column name="Behavior_Resolution_Desc" key="false" type="String" length="150" precision="" nullable="false" comment=""/>
            <column name="Behavior_Resolution_Code" key="false" type="String" length="5" precision="" nullable="false" comment=""/>
            <column name="DI_Job_ID" key="false" type="String" length="20" precision="" nullable="true" comment=""/>
            <column name="DI_Create_Date" key="false" type="java.util.Date" length="23" precision="3" nullable="false" comment=""/>
          </schema>
        </schemas>
      </component>
      <component icon="pictures/tDBInput_3.png" uniqueName="tDBInput_3" label="__TABLE__">
        <input>none</input>
        <output link="tMap_3">tMap_3</output>
        <componentType>tMSSqlInput</componentType>
        <parameters>
          <column name="Database" value="tMSSqlInput"/>
          <column name="Unique Name" value="tDBInput_3"/>
          <column name="Component Name" value="tMSSqlInput"/>
          <column name="Version" value="0.102 (ALPHA)"/>
          <column name="Family" value="Databases/DB Specifics/MS_SQL_Server"/>
          <column name="Start" value="true"/>
          <column name="Startable" value="true"/>
          <column name="SUBTREE_START" value="true"/>
          <column name="END_OF_FLOW" value="false"/>
          <column name="Activate" value="true"/>
          <column name="DUMMY" value="false"/>
          <column name="tStatCatcher Statistics" value="false"/>
          <column name="Help" value="org.talend.help.tMSSqlInput"/>
          <column name="Update components" value="true"/>
          <column name="IREPORT_PATH" value=""/>
          <column name="JAVA_LIBRARY_PATH" value="C:\Program Files (x86)\Talend-Studio\studio\configuration\lib\java"/>
          <column name="Subjob color" value=""/>
          <column name="Title color" value=""/>
          <column name="Enable parallel execution" value="false"/>
          <column name="Number of parallel executions" value="2"/>
          <column name="PARALLELIZE_KEEP_EMPTY" value="false"/>
          <column name="Use an existing connection" value="false"/>
          <column name="Component List" value=""/>
          <column name="Property Type" value="repository: DB (MSSQL):schools_nw"/>
          <column name="Host" value="&quot;localhost&quot;"/>
          <column name="JDBC Provider" value="JTDS"/>
          <column name="Database Driver" value="MSSQL"/>
          <column name="Port" value="&quot;1433&quot;"/>
          <column name="Schema" value="&quot;dbo&quot;"/>
          <column name="Database" value="&quot;schools_nw&quot;"/>
          <column name="Username" value="&quot;info7290&quot;"/>
          <column name="Password" value="**********"/>
          <column name="REPOSITORY_ALLOW_AUTO_SWITCH" value="true"/>
          <column name="Schema" value="Built-In"/>
          <column name="Table Name" value="&quot;Behavior_Resolution_Type&quot;"/>
          <column name="Query Type" value="Built-In"/>
          <column name="Guess Schema" value="&quot;&quot;"/>
          <column name="Query" value="&quot;SELECT dbo.Behavior_Resolution_Type.Behavior_Resolution_id,
		dbo.Behavior_Resolution_Type.Behavior_Resolution_Desc,
		dbo.Behavior_Resolution_Type.Behavior_Resolution_Code,
		dbo.Behavior_Resolution_Type.DI_Job_ID,
		dbo.Behavior_Resolution_Type.DI_Create_Date
FROM	dbo.Behavior_Resolution_Type&quot;"/>
          <column name="Specify a data source alias" value="false"/>
          <column name="Data source alias" value="&quot;&quot;"/>
          <column name="Mapping" value="id_MSSQL"/>
          <column name="Additional JDBC Parameters" value="&quot;useSSL=False&quot;"/>
          <column name="Encoding" value="&quot;ISO-8859-15&quot;"/>
          <column name="Trim all the String/Char columns" value="false"/>
          <column name="Trim column" value="[{SCHEMA_COLUMN=Behavior_Resolution_id, TRIM=false}, {SCHEMA_COLUMN=Behavior_Resolution_Desc, TRIM=false}, {SCHEMA_COLUMN=Behavior_Resolution_Code, TRIM=false}, {SCHEMA_COLUMN=DI_Job_ID, TRIM=false}, {SCHEMA_COLUMN=DI_Create_Date, TRIM=false}]"/>
          <column name="Label format" value="__TABLE__"/>
          <column name="Hint format" value="&lt;b&gt;__UNIQUE_NAME__&lt;/b&gt;&lt;br&gt;__COMMENT__"/>
          <column name="Connection format" value="row"/>
          <column name="Show Information" value="false"/>
          <column name="Comment" value=""/>
          <column name="Use an existing validation rule" value="false"/>
          <column name="Validation Rule Type" value=""/>
        </parameters>
        <schemas>
          <schema name="Behavior_Resolution_Type">
            <column name="Behavior_Resolution_id" key="true" type="int" length="10" precision="" nullable="false" comment=""/>
            <column name="Behavior_Resolution_Desc" key="false" type="String" length="150" precision="" nullable="false" comment=""/>
            <column name="Behavior_Resolution_Code" key="false" type="String" length="5" precision="" nullable="false" comment=""/>
            <column name="DI_Job_ID" key="false" type="String" length="20" precision="" nullable="true" comment=""/>
            <column name="DI_Create_Date" key="false" type="java.util.Date" length="23" precision="3" nullable="false" comment=""/>
          </schema>
        </schemas>
      </component>
      <component icon="pictures/tDBInput_4.png" uniqueName="tDBInput_4" label="__TABLE__">
        <input>none</input>
        <output link="tMap_4">tMap_4</output>
        <componentType>tPostgresqlInput</componentType>
        <parameters>
          <column name="Database" value="tPostgresqlInput"/>
          <column name="Unique Name" value="tDBInput_4"/>
          <column name="Component Name" value="tPostgresqlInput"/>
          <column name="Version" value="0.102 (ALPHA)"/>
          <column name="Family" value="Databases/DB Specifics/PostgreSQL"/>
          <column name="Start" value="true"/>
          <column name="Startable" value="true"/>
          <column name="SUBTREE_START" value="true"/>
          <column name="END_OF_FLOW" value="false"/>
          <column name="Activate" value="true"/>
          <column name="DUMMY" value="false"/>
          <column name="tStatCatcher Statistics" value="false"/>
          <column name="Help" value="org.talend.help.tPostgresqlInput"/>
          <column name="Update components" value="true"/>
          <column name="IREPORT_PATH" value=""/>
          <column name="JAVA_LIBRARY_PATH" value="C:\Program Files (x86)\Talend-Studio\studio\configuration\lib\java"/>
          <column name="Subjob color" value=""/>
          <column name="Title color" value=""/>
          <column name="Enable parallel execution" value="false"/>
          <column name="Number of parallel executions" value="2"/>
          <column name="PARALLELIZE_KEEP_EMPTY" value="false"/>
          <column name="Property Type" value="repository: DB (POSTGRESQL):schools_se"/>
          <column name="Use an existing connection" value="false"/>
          <column name="Component List" value=""/>
          <column name="DB Version" value="V9_X"/>
          <column name="Host" value="&quot;localhost&quot;"/>
          <column name="Database Driver" value="POSTGRESQL"/>
          <column name="Port" value="&quot;5432&quot;"/>
          <column name="Database" value="&quot;schools_se&quot;"/>
          <column name="Schema" value="&quot;public&quot;"/>
          <column name="Username" value="&quot;postgres&quot;"/>
          <column name="Password" value="*********"/>
          <column name="REPOSITORY_ALLOW_AUTO_SWITCH" value="true"/>
          <column name="Schema" value="Built-In"/>
          <column name="Table Name" value="&quot;behavior_resolution_type&quot;"/>
          <column name="Query Type" value="Built-In"/>
          <column name="Guess Schema" value="&quot;&quot;"/>
          <column name="Query" value="&quot;SELECT 
  \&quot;schools_se\&quot;.\&quot;public\&quot;.\&quot;behavior_resolution_type\&quot;.\&quot;behavior_resolution_id\&quot;, 
  \&quot;schools_se\&quot;.\&quot;public\&quot;.\&quot;behavior_resolution_type\&quot;.\&quot;behavior_resolution_desc\&quot;, 
  \&quot;schools_se\&quot;.\&quot;public\&quot;.\&quot;behavior_resolution_type\&quot;.\&quot;behavior_resolution_code\&quot;, 
  \&quot;schools_se\&quot;.\&quot;public\&quot;.\&quot;behavior_resolution_type\&quot;.\&quot;di_job_id\&quot;, 
  \&quot;schools_se\&quot;.\&quot;public\&quot;.\&quot;behavior_resolution_type\&quot;.\&quot;di_create_date\&quot;
FROM \&quot;schools_se\&quot;.\&quot;public\&quot;.\&quot;behavior_resolution_type\&quot;&quot;"/>
          <column name="Specify a data source alias" value="false"/>
          <column name="Data source alias" value="&quot;&quot;"/>
          <column name="Mapping" value="postgres_id"/>
          <column name="Encoding" value="&quot;ISO-8859-15&quot;"/>
          <column name="Use cursor" value="false"/>
          <column name="Cursor size" value="1000"/>
          <column name="Trim all the String/Char columns" value="false"/>
          <column name="Trim column" value="[{SCHEMA_COLUMN=behavior_resolution_id, TRIM=false}, {SCHEMA_COLUMN=behavior_resolution_desc, TRIM=false}, {SCHEMA_COLUMN=behavior_resolution_code, TRIM=false}, {SCHEMA_COLUMN=di_job_id, TRIM=false}, {SCHEMA_COLUMN=di_create_date, TRIM=false}]"/>
          <column name="Label format" value="__TABLE__"/>
          <column name="Hint format" value="&lt;b&gt;__UNIQUE_NAME__&lt;/b&gt;&lt;br&gt;__COMMENT__"/>
          <column name="Connection format" value="row"/>
          <column name="Show Information" value="false"/>
          <column name="Comment" value=""/>
          <column name="Use an existing validation rule" value="false"/>
          <column name="Validation Rule Type" value=""/>
        </parameters>
        <schemas>
          <schema name="behavior_resolution_type">
            <column name="behavior_resolution_id" key="true" type="int" length="10" precision="" nullable="false" comment=""/>
            <column name="behavior_resolution_desc" key="false" type="String" length="150" precision="" nullable="false" comment=""/>
            <column name="behavior_resolution_code" key="false" type="String" length="5" precision="" nullable="false" comment=""/>
            <column name="di_job_id" key="false" type="String" length="20" precision="" nullable="true" comment=""/>
            <column name="di_create_date" key="false" type="java.util.Date" length="26" precision="3" nullable="false" comment=""/>
          </schema>
        </schemas>
      </component>
      <component icon="pictures/tDBInput_5.png" uniqueName="tDBInput_5" label="__TABLE__">
        <input>none</input>
        <output link="tMap_5">tMap_5</output>
        <componentType>tOracleInput</componentType>
        <parameters>
          <column name="Database" value="tOracleInput"/>
          <column name="Unique Name" value="tDBInput_5"/>
          <column name="Component Name" value="tOracleInput"/>
          <column name="Version" value="0.102 (ALPHA)"/>
          <column name="Family" value="Databases/DB Specifics/Oracle"/>
          <column name="Start" value="true"/>
          <column name="Startable" value="true"/>
          <column name="SUBTREE_START" value="true"/>
          <column name="END_OF_FLOW" value="false"/>
          <column name="Activate" value="true"/>
          <column name="DUMMY" value="false"/>
          <column name="tStatCatcher Statistics" value="false"/>
          <column name="Help" value="org.talend.help.tOracleInput"/>
          <column name="Update components" value="true"/>
          <column name="IREPORT_PATH" value=""/>
          <column name="JAVA_LIBRARY_PATH" value="C:\Program Files (x86)\Talend-Studio\studio\configuration\lib\java"/>
          <column name="Subjob color" value=""/>
          <column name="Title color" value=""/>
          <column name="Enable parallel execution" value="false"/>
          <column name="Number of parallel executions" value="2"/>
          <column name="PARALLELIZE_KEEP_EMPTY" value="false"/>
          <column name="Property Type" value="repository: DB (ORACLE_SID):schools_sw"/>
          <column name="Use an existing connection" value="false"/>
          <column name="Component List" value=""/>
          <column name="Connection Type" value="ORACLE_SID"/>
          <column name="DB Version" value="ORACLE_18"/>
          <column name="URL" value="&quot;localhost&quot;"/>
          <column name="Host" value="&quot;localhost&quot;"/>
          <column name="Database Driver" value="ORACLE_SID"/>
          <column name="Port" value="&quot;1521&quot;"/>
          <column name="Database" value="&quot;xe&quot;"/>
          <column name="Local Service Name" value="&quot;xe&quot;"/>
          <column name="Oracle schema" value="&quot;SCHOOLS_SW&quot;"/>
          <column name="Username" value="&quot;schools_sw&quot;"/>
          <column name="Password" value="************"/>
          <column name="URL" value="&quot;jdbc:oracle:oci:/@talend&quot;"/>
          <column name="REPOSITORY_ALLOW_AUTO_SWITCH" value="true"/>
          <column name="Schema" value="Built-In"/>
          <column name="Table Name" value="&quot;BEHAVIOR_RESOLUTION_TYPE&quot;"/>
          <column name="Query Type" value="Built-In"/>
          <column name="Guess Schema" value="&quot;&quot;"/>
          <column name="Query" value="&quot;SELECT 
  SCHOOLS_SW.BEHAVIOR_RESOLUTION_TYPE.BEHAVIOR_RESOLUTION_ID, 
  SCHOOLS_SW.BEHAVIOR_RESOLUTION_TYPE.BEHAVIOR_RESOLUTION_DESC, 
  SCHOOLS_SW.BEHAVIOR_RESOLUTION_TYPE.BEHAVIOR_RESOLUTION_CODE, 
  SCHOOLS_SW.BEHAVIOR_RESOLUTION_TYPE.DI_JOB_ID, 
  SCHOOLS_SW.BEHAVIOR_RESOLUTION_TYPE.DI_CREATE_DATE
FROM SCHOOLS_SW.BEHAVIOR_RESOLUTION_TYPE&quot;"/>
          <column name="Specify a data source alias" value="false"/>
          <column name="Data source alias" value="&quot;&quot;"/>
          <column name="Mapping" value="oracle_id"/>
          <column name="Additional JDBC Parameters" value="&quot;useSSL=False&quot;"/>
          <column name="Convert XMLType To Java Type.(just when use extract() return a NODE)" value="false"/>
          <column name="CONVERT_XMLTYPE" value="[]"/>
          <column name="Encoding" value="&quot;ISO-8859-15&quot;"/>
          <column name="Use cursor" value="false"/>
          <column name="Cursor size" value="1000"/>
          <column name="Trim all the String/Char columns" value="false"/>
          <column name="Trim column" value="[{SCHEMA_COLUMN=BEHAVIOR_RESOLUTION_ID, TRIM=false}, {SCHEMA_COLUMN=BEHAVIOR_RESOLUTION_DESC, TRIM=false}, {SCHEMA_COLUMN=BEHAVIOR_RESOLUTION_CODE, TRIM=false}, {SCHEMA_COLUMN=DI_JOB_ID, TRIM=false}, {SCHEMA_COLUMN=DI_CREATE_DATE, TRIM=false}]"/>
          <column name="No null values" value="false"/>
          <column name="Label format" value="__TABLE__"/>
          <column name="Hint format" value="&lt;b&gt;__UNIQUE_NAME__&lt;/b&gt;&lt;br&gt;__COMMENT__"/>
          <column name="Connection format" value="row"/>
          <column name="Show Information" value="false"/>
          <column name="Comment" value=""/>
          <column name="Use an existing validation rule" value="false"/>
          <column name="Validation Rule Type" value=""/>
        </parameters>
        <schemas>
          <schema name="BEHAVIOR_RESOLUTION_TYPE">
            <column name="BEHAVIOR_RESOLUTION_ID" key="false" type="Integer" length="10" precision="" nullable="true" comment=""/>
            <column name="BEHAVIOR_RESOLUTION_DESC" key="false" type="String" length="150" precision="" nullable="true" comment=""/>
            <column name="BEHAVIOR_RESOLUTION_CODE" key="false" type="String" length="5" precision="" nullable="true" comment=""/>
            <column name="DI_JOB_ID" key="false" type="String" length="20" precision="" nullable="true" comment=""/>
            <column name="DI_CREATE_DATE" key="false" type="java.util.Date" length="11" precision="3" nullable="true" comment=""/>
          </schema>
        </schemas>
      </component>
      <component icon="pictures/tDBOutput_1.png" uniqueName="tDBOutput_1" label="__TABLE__">
        <input link="tMap_1">tMap_1</input>
        <output>none</output>
        <componentType>tMysqlOutput</componentType>
        <parameters>
          <column name="Database" value="tMysqlOutput"/>
          <column name="Unique Name" value="tDBOutput_1"/>
          <column name="Component Name" value="tMysqlOutput"/>
          <column name="Version" value="0.102 (ALPHA)"/>
          <column name="Family" value="Databases/DB Specifics/MySQL"/>
          <column name="Startable" value="false"/>
          <column name="SUBTREE_START" value="false"/>
          <column name="END_OF_FLOW" value="true"/>
          <column name="Activate" value="true"/>
          <column name="DUMMY" value="false"/>
          <column name="tStatCatcher Statistics" value="false"/>
          <column name="Help" value="org.talend.help.tMysqlOutput"/>
          <column name="Update components" value="true"/>
          <column name="IREPORT_PATH" value=""/>
          <column name="JAVA_LIBRARY_PATH" value="C:\Program Files (x86)\Talend-Studio\studio\configuration\lib\java"/>
          <column name="Subjob color" value=""/>
          <column name="Title color" value=""/>
          <column name="Enable parallel execution" value="false"/>
          <column name="Number of parallel executions" value="2"/>
          <column name="PARALLELIZE_KEEP_EMPTY" value="false"/>
          <column name="Property Type" value="repository: DB (MYSQL):schools_dw"/>
          <column name="DB Version" value="MYSQL_8"/>
          <column name="Use an existing connection" value="false"/>
          <column name="Component List" value=""/>
          <column name="Database Driver" value="MYSQL"/>
          <column name="Host" value="&quot;localhost&quot;"/>
          <column name="Port" value="&quot;3306&quot;"/>
          <column name="Database" value="&quot;schools_dw&quot;"/>
          <column name="Username" value="&quot;root&quot;"/>
          <column name="Password" value="*********"/>
          <column name="Table" value="&quot;dim_behavior_resolution_type&quot;"/>
          <column name="Action on table" value="NONE"/>
          <column name="Action on data" value="INSERT"/>
          <column name="REPOSITORY_ALLOW_AUTO_SWITCH" value="true"/>
          <column name="Schema" value="Built-In"/>
          <column name="Reject Schema" value="Built-In"/>
          <column name="Specify a data source alias" value="false"/>
          <column name="Data source alias" value="&quot;&quot;"/>
          <column name="Die on error" value="false"/>
          <column name="Mapping" value="mysql_id"/>
          <column name="Additional JDBC Parameters" value="&quot;noDatetimeStringSync=true&amp;useSSL=False&quot;"/>
          <column name="Extend Insert" value="true"/>
          <column name="Number of rows per insert" value="100"/>
          <column name="Use Batch Size" value="true"/>
          <column name="Batch Size" value="10000"/>
          <column name="Encoding" value="&quot;ISO-8859-15&quot;"/>
          <column name="Commit every" value="10000"/>
          <column name="Additional columns" value="[]"/>
          <column name="Use field options" value="false"/>
          <column name="Field options" value="[{SCHEMA_COLUMN=Behavior_Resolution_SK, UPDATE_KEY=false, DELETE_KEY=false, UPDATABLE=true, INSERTABLE=true}, {SCHEMA_COLUMN=Behavior_Resolution_id, UPDATE_KEY=false, DELETE_KEY=false, UPDATABLE=true, INSERTABLE=true}, {SCHEMA_COLUMN=Behavior_Resolution_Desc, UPDATE_KEY=false, DELETE_KEY=false, UPDATABLE=true, INSERTABLE=true}, {SCHEMA_COLUMN=Behavior_Resolution_Code, UPDATE_KEY=false, DELETE_KEY=false, UPDATABLE=true, INSERTABLE=true}, {SCHEMA_COLUMN=SOR_ID, UPDATE_KEY=false, DELETE_KEY=false, UPDATABLE=true, INSERTABLE=true}, {SCHEMA_COLUMN=DI_Job_ID, UPDATE_KEY=false, DELETE_KEY=false, UPDATABLE=true, INSERTABLE=true}, {SCHEMA_COLUMN=DI_Create_Date, UPDATE_KEY=false, DELETE_KEY=false, UPDATABLE=true, INSERTABLE=true}, {SCHEMA_COLUMN=DI_Modified_Date, UPDATE_KEY=false, DELETE_KEY=false, UPDATABLE=true, INSERTABLE=true}]"/>
          <column name="Use Hint Options" value="false"/>
          <column name="Hint Options" value="[]"/>
          <column name="Enable debug mode" value="false"/>
          <column name="Use duplicate key update mode insert" value="false"/>
          <column name="DUPLICATED_KEYS" value="[]"/>
          <column name="Support null in &quot;SQL WHERE&quot; statement" value="false"/>
          <column name="Label format" value="__TABLE__"/>
          <column name="Hint format" value="&lt;b&gt;__UNIQUE_NAME__&lt;/b&gt;&lt;br&gt;__COMMENT__"/>
          <column name="Connection format" value="row"/>
          <column name="Show Information" value="false"/>
          <column name="Comment" value=""/>
          <column name="Use an existing validation rule" value="false"/>
          <column name="Validation Rule Type" value=""/>
        </parameters>
        <schemas>
          <schema name="dim_behavior_resolution_type">
            <column name="Behavior_Resolution_SK" key="true" type="int" length="10" precision="" nullable="false" comment=""/>
            <column name="Behavior_Resolution_id" key="true" type="int" length="10" precision="" nullable="false" comment=""/>
            <column name="Behavior_Resolution_Desc" key="false" type="String" length="150" precision="" nullable="false" comment=""/>
            <column name="Behavior_Resolution_Code" key="false" type="String" length="5" precision="" nullable="false" comment=""/>
            <column name="SOR_ID" key="false" type="int" length="10" precision="" nullable="false" comment=""/>
            <column name="DI_Job_ID" key="false" type="String" length="20" precision="" nullable="true" comment=""/>
            <column name="DI_Create_Date" key="false" type="java.util.Date" length="26" precision="" nullable="false" comment=""/>
            <column name="DI_Modified_Date" key="false" type="java.util.Date" length="26" precision="" nullable="false" comment=""/>
          </schema>
        </schemas>
      </component>
      <component icon="pictures/tDBOutput_2.png" uniqueName="tDBOutput_2" label="__TABLE__">
        <input link="tMap_2">tMap_2</input>
        <output>none</output>
        <componentType>tMysqlOutput</componentType>
        <parameters>
          <column name="Database" value="tMysqlOutput"/>
          <column name="Unique Name" value="tDBOutput_2"/>
          <column name="Component Name" value="tMysqlOutput"/>
          <column name="Version" value="0.102 (ALPHA)"/>
          <column name="Family" value="Databases/DB Specifics/MySQL"/>
          <column name="Startable" value="false"/>
          <column name="SUBTREE_START" value="false"/>
          <column name="END_OF_FLOW" value="true"/>
          <column name="Activate" value="true"/>
          <column name="DUMMY" value="false"/>
          <column name="tStatCatcher Statistics" value="false"/>
          <column name="Help" value="org.talend.help.tMysqlOutput"/>
          <column name="Update components" value="true"/>
          <column name="IREPORT_PATH" value=""/>
          <column name="JAVA_LIBRARY_PATH" value="C:\Program Files (x86)\Talend-Studio\studio\configuration\lib\java"/>
          <column name="Subjob color" value=""/>
          <column name="Title color" value=""/>
          <column name="Enable parallel execution" value="false"/>
          <column name="Number of parallel executions" value="2"/>
          <column name="PARALLELIZE_KEEP_EMPTY" value="false"/>
          <column name="Property Type" value="repository: DB (MYSQL):schools_dw"/>
          <column name="DB Version" value="MYSQL_8"/>
          <column name="Use an existing connection" value="false"/>
          <column name="Component List" value=""/>
          <column name="Database Driver" value="MYSQL"/>
          <column name="Host" value="&quot;localhost&quot;"/>
          <column name="Port" value="&quot;3306&quot;"/>
          <column name="Database" value="&quot;schools_dw&quot;"/>
          <column name="Username" value="&quot;root&quot;"/>
          <column name="Password" value="*********"/>
          <column name="Table" value="&quot;dim_behavior_resolution_type&quot;"/>
          <column name="Action on table" value="NONE"/>
          <column name="Action on data" value="INSERT"/>
          <column name="REPOSITORY_ALLOW_AUTO_SWITCH" value="true"/>
          <column name="Schema" value="Built-In"/>
          <column name="Reject Schema" value="Built-In"/>
          <column name="Specify a data source alias" value="false"/>
          <column name="Data source alias" value="&quot;&quot;"/>
          <column name="Die on error" value="false"/>
          <column name="Mapping" value="mysql_id"/>
          <column name="Additional JDBC Parameters" value="&quot;noDatetimeStringSync=true&amp;useSSL=False&quot;"/>
          <column name="Extend Insert" value="true"/>
          <column name="Number of rows per insert" value="100"/>
          <column name="Use Batch Size" value="true"/>
          <column name="Batch Size" value="10000"/>
          <column name="Encoding" value="&quot;ISO-8859-15&quot;"/>
          <column name="Commit every" value="10000"/>
          <column name="Additional columns" value="[]"/>
          <column name="Use field options" value="false"/>
          <column name="Field options" value="[{SCHEMA_COLUMN=Behavior_Resolution_SK, UPDATE_KEY=false, DELETE_KEY=false, UPDATABLE=true, INSERTABLE=true}, {SCHEMA_COLUMN=Behavior_Resolution_id, UPDATE_KEY=false, DELETE_KEY=false, UPDATABLE=true, INSERTABLE=true}, {SCHEMA_COLUMN=Behavior_Resolution_Desc, UPDATE_KEY=false, DELETE_KEY=false, UPDATABLE=true, INSERTABLE=true}, {SCHEMA_COLUMN=Behavior_Resolution_Code, UPDATE_KEY=false, DELETE_KEY=false, UPDATABLE=true, INSERTABLE=true}, {SCHEMA_COLUMN=SOR_ID, UPDATE_KEY=false, DELETE_KEY=false, UPDATABLE=true, INSERTABLE=true}, {SCHEMA_COLUMN=DI_Job_ID, UPDATE_KEY=false, DELETE_KEY=false, UPDATABLE=true, INSERTABLE=true}, {SCHEMA_COLUMN=DI_Create_Date, UPDATE_KEY=false, DELETE_KEY=false, UPDATABLE=true, INSERTABLE=true}, {SCHEMA_COLUMN=DI_Modified_Date, UPDATE_KEY=false, DELETE_KEY=false, UPDATABLE=true, INSERTABLE=true}]"/>
          <column name="Use Hint Options" value="false"/>
          <column name="Hint Options" value="[]"/>
          <column name="Enable debug mode" value="false"/>
          <column name="Use duplicate key update mode insert" value="false"/>
          <column name="DUPLICATED_KEYS" value="[]"/>
          <column name="Support null in &quot;SQL WHERE&quot; statement" value="false"/>
          <column name="Label format" value="__TABLE__"/>
          <column name="Hint format" value="&lt;b&gt;__UNIQUE_NAME__&lt;/b&gt;&lt;br&gt;__COMMENT__"/>
          <column name="Connection format" value="row"/>
          <column name="Show Information" value="false"/>
          <column name="Comment" value=""/>
          <column name="Use an existing validation rule" value="false"/>
          <column name="Validation Rule Type" value=""/>
        </parameters>
        <schemas>
          <schema name="dim_behavior_resolution_type">
            <column name="Behavior_Resolution_SK" key="true" type="int" length="10" precision="" nullable="false" comment=""/>
            <column name="Behavior_Resolution_id" key="true" type="int" length="10" precision="" nullable="false" comment=""/>
            <column name="Behavior_Resolution_Desc" key="false" type="String" length="150" precision="" nullable="false" comment=""/>
            <column name="Behavior_Resolution_Code" key="false" type="String" length="5" precision="" nullable="false" comment=""/>
            <column name="SOR_ID" key="false" type="int" length="10" precision="" nullable="false" comment=""/>
            <column name="DI_Job_ID" key="false" type="String" length="20" precision="" nullable="true" comment=""/>
            <column name="DI_Create_Date" key="false" type="java.util.Date" length="26" precision="" nullable="false" comment=""/>
            <column name="DI_Modified_Date" key="false" type="java.util.Date" length="26" precision="" nullable="false" comment=""/>
          </schema>
        </schemas>
      </component>
      <component icon="pictures/tDBOutput_3.png" uniqueName="tDBOutput_3" label="__TABLE__">
        <input link="tMap_3">tMap_3</input>
        <output>none</output>
        <componentType>tMysqlOutput</componentType>
        <parameters>
          <column name="Database" value="tMysqlOutput"/>
          <column name="Unique Name" value="tDBOutput_3"/>
          <column name="Component Name" value="tMysqlOutput"/>
          <column name="Version" value="0.102 (ALPHA)"/>
          <column name="Family" value="Databases/DB Specifics/MySQL"/>
          <column name="Startable" value="false"/>
          <column name="SUBTREE_START" value="false"/>
          <column name="END_OF_FLOW" value="true"/>
          <column name="Activate" value="true"/>
          <column name="DUMMY" value="false"/>
          <column name="tStatCatcher Statistics" value="false"/>
          <column name="Help" value="org.talend.help.tMysqlOutput"/>
          <column name="Update components" value="true"/>
          <column name="IREPORT_PATH" value=""/>
          <column name="JAVA_LIBRARY_PATH" value="C:\Program Files (x86)\Talend-Studio\studio\configuration\lib\java"/>
          <column name="Subjob color" value=""/>
          <column name="Title color" value=""/>
          <column name="Enable parallel execution" value="false"/>
          <column name="Number of parallel executions" value="2"/>
          <column name="PARALLELIZE_KEEP_EMPTY" value="false"/>
          <column name="Property Type" value="repository: DB (MYSQL):schools_dw"/>
          <column name="DB Version" value="MYSQL_8"/>
          <column name="Use an existing connection" value="false"/>
          <column name="Component List" value=""/>
          <column name="Database Driver" value="MYSQL"/>
          <column name="Host" value="&quot;localhost&quot;"/>
          <column name="Port" value="&quot;3306&quot;"/>
          <column name="Database" value="&quot;schools_dw&quot;"/>
          <column name="Username" value="&quot;root&quot;"/>
          <column name="Password" value="*********"/>
          <column name="Table" value="&quot;dim_behavior_resolution_type&quot;"/>
          <column name="Action on table" value="NONE"/>
          <column name="Action on data" value="INSERT"/>
          <column name="REPOSITORY_ALLOW_AUTO_SWITCH" value="true"/>
          <column name="Schema" value="Built-In"/>
          <column name="Reject Schema" value="Built-In"/>
          <column name="Specify a data source alias" value="false"/>
          <column name="Data source alias" value="&quot;&quot;"/>
          <column name="Die on error" value="false"/>
          <column name="Mapping" value="mysql_id"/>
          <column name="Additional JDBC Parameters" value="&quot;noDatetimeStringSync=true&amp;useSSL=False&quot;"/>
          <column name="Extend Insert" value="true"/>
          <column name="Number of rows per insert" value="100"/>
          <column name="Use Batch Size" value="true"/>
          <column name="Batch Size" value="10000"/>
          <column name="Encoding" value="&quot;ISO-8859-15&quot;"/>
          <column name="Commit every" value="10000"/>
          <column name="Additional columns" value="[]"/>
          <column name="Use field options" value="false"/>
          <column name="Field options" value="[{SCHEMA_COLUMN=Behavior_Resolution_SK, UPDATE_KEY=false, DELETE_KEY=false, UPDATABLE=true, INSERTABLE=true}, {SCHEMA_COLUMN=Behavior_Resolution_id, UPDATE_KEY=false, DELETE_KEY=false, UPDATABLE=true, INSERTABLE=true}, {SCHEMA_COLUMN=Behavior_Resolution_Desc, UPDATE_KEY=false, DELETE_KEY=false, UPDATABLE=true, INSERTABLE=true}, {SCHEMA_COLUMN=Behavior_Resolution_Code, UPDATE_KEY=false, DELETE_KEY=false, UPDATABLE=true, INSERTABLE=true}, {SCHEMA_COLUMN=SOR_ID, UPDATE_KEY=false, DELETE_KEY=false, UPDATABLE=true, INSERTABLE=true}, {SCHEMA_COLUMN=DI_Job_ID, UPDATE_KEY=false, DELETE_KEY=false, UPDATABLE=true, INSERTABLE=true}, {SCHEMA_COLUMN=DI_Create_Date, UPDATE_KEY=false, DELETE_KEY=false, UPDATABLE=true, INSERTABLE=true}, {SCHEMA_COLUMN=DI_Modified_Date, UPDATE_KEY=false, DELETE_KEY=false, UPDATABLE=true, INSERTABLE=true}]"/>
          <column name="Use Hint Options" value="false"/>
          <column name="Hint Options" value="[]"/>
          <column name="Enable debug mode" value="false"/>
          <column name="Use duplicate key update mode insert" value="false"/>
          <column name="DUPLICATED_KEYS" value="[]"/>
          <column name="Support null in &quot;SQL WHERE&quot; statement" value="false"/>
          <column name="Label format" value="__TABLE__"/>
          <column name="Hint format" value="&lt;b&gt;__UNIQUE_NAME__&lt;/b&gt;&lt;br&gt;__COMMENT__"/>
          <column name="Connection format" value="row"/>
          <column name="Show Information" value="false"/>
          <column name="Comment" value=""/>
          <column name="Use an existing validation rule" value="false"/>
          <column name="Validation Rule Type" value=""/>
        </parameters>
        <schemas>
          <schema name="dim_behavior_resolution_type">
            <column name="Behavior_Resolution_SK" key="true" type="int" length="10" precision="" nullable="false" comment=""/>
            <column name="Behavior_Resolution_id" key="true" type="int" length="10" precision="" nullable="false" comment=""/>
            <column name="Behavior_Resolution_Desc" key="false" type="String" length="150" precision="" nullable="false" comment=""/>
            <column name="Behavior_Resolution_Code" key="false" type="String" length="5" precision="" nullable="false" comment=""/>
            <column name="SOR_ID" key="false" type="int" length="10" precision="" nullable="false" comment=""/>
            <column name="DI_Job_ID" key="false" type="String" length="20" precision="" nullable="true" comment=""/>
            <column name="DI_Create_Date" key="false" type="java.util.Date" length="26" precision="" nullable="false" comment=""/>
            <column name="DI_Modified_Date" key="false" type="java.util.Date" length="26" precision="" nullable="false" comment=""/>
          </schema>
        </schemas>
      </component>
      <component icon="pictures/tDBOutput_4.png" uniqueName="tDBOutput_4" label="__TABLE__">
        <input link="tMap_4">tMap_4</input>
        <output>none</output>
        <componentType>tMysqlOutput</componentType>
        <parameters>
          <column name="Database" value="tMysqlOutput"/>
          <column name="Unique Name" value="tDBOutput_4"/>
          <column name="Component Name" value="tMysqlOutput"/>
          <column name="Version" value="0.102 (ALPHA)"/>
          <column name="Family" value="Databases/DB Specifics/MySQL"/>
          <column name="Startable" value="false"/>
          <column name="SUBTREE_START" value="false"/>
          <column name="END_OF_FLOW" value="true"/>
          <column name="Activate" value="true"/>
          <column name="DUMMY" value="false"/>
          <column name="tStatCatcher Statistics" value="false"/>
          <column name="Help" value="org.talend.help.tMysqlOutput"/>
          <column name="Update components" value="true"/>
          <column name="IREPORT_PATH" value=""/>
          <column name="JAVA_LIBRARY_PATH" value="C:\Program Files (x86)\Talend-Studio\studio\configuration\lib\java"/>
          <column name="Subjob color" value=""/>
          <column name="Title color" value=""/>
          <column name="Enable parallel execution" value="false"/>
          <column name="Number of parallel executions" value="2"/>
          <column name="PARALLELIZE_KEEP_EMPTY" value="false"/>
          <column name="Property Type" value="repository: DB (MYSQL):schools_dw"/>
          <column name="DB Version" value="MYSQL_8"/>
          <column name="Use an existing connection" value="false"/>
          <column name="Component List" value=""/>
          <column name="Database Driver" value="MYSQL"/>
          <column name="Host" value="&quot;localhost&quot;"/>
          <column name="Port" value="&quot;3306&quot;"/>
          <column name="Database" value="&quot;schools_dw&quot;"/>
          <column name="Username" value="&quot;root&quot;"/>
          <column name="Password" value="*********"/>
          <column name="Table" value="&quot;dim_behavior_resolution_type&quot;"/>
          <column name="Action on table" value="NONE"/>
          <column name="Action on data" value="INSERT"/>
          <column name="REPOSITORY_ALLOW_AUTO_SWITCH" value="true"/>
          <column name="Schema" value="Built-In"/>
          <column name="Reject Schema" value="Built-In"/>
          <column name="Specify a data source alias" value="false"/>
          <column name="Data source alias" value="&quot;&quot;"/>
          <column name="Die on error" value="false"/>
          <column name="Mapping" value="mysql_id"/>
          <column name="Additional JDBC Parameters" value="&quot;noDatetimeStringSync=true&amp;useSSL=False&quot;"/>
          <column name="Extend Insert" value="true"/>
          <column name="Number of rows per insert" value="100"/>
          <column name="Use Batch Size" value="true"/>
          <column name="Batch Size" value="10000"/>
          <column name="Encoding" value="&quot;ISO-8859-15&quot;"/>
          <column name="Commit every" value="10000"/>
          <column name="Additional columns" value="[]"/>
          <column name="Use field options" value="false"/>
          <column name="Field options" value="[{SCHEMA_COLUMN=Behavior_Resolution_SK, UPDATE_KEY=false, DELETE_KEY=false, UPDATABLE=true, INSERTABLE=true}, {SCHEMA_COLUMN=Behavior_Resolution_id, UPDATE_KEY=false, DELETE_KEY=false, UPDATABLE=true, INSERTABLE=true}, {SCHEMA_COLUMN=Behavior_Resolution_Desc, UPDATE_KEY=false, DELETE_KEY=false, UPDATABLE=true, INSERTABLE=true}, {SCHEMA_COLUMN=Behavior_Resolution_Code, UPDATE_KEY=false, DELETE_KEY=false, UPDATABLE=true, INSERTABLE=true}, {SCHEMA_COLUMN=SOR_ID, UPDATE_KEY=false, DELETE_KEY=false, UPDATABLE=true, INSERTABLE=true}, {SCHEMA_COLUMN=DI_Job_ID, UPDATE_KEY=false, DELETE_KEY=false, UPDATABLE=true, INSERTABLE=true}, {SCHEMA_COLUMN=DI_Create_Date, UPDATE_KEY=false, DELETE_KEY=false, UPDATABLE=true, INSERTABLE=true}, {SCHEMA_COLUMN=DI_Modified_Date, UPDATE_KEY=false, DELETE_KEY=false, UPDATABLE=true, INSERTABLE=true}]"/>
          <column name="Use Hint Options" value="false"/>
          <column name="Hint Options" value="[]"/>
          <column name="Enable debug mode" value="false"/>
          <column name="Use duplicate key update mode insert" value="false"/>
          <column name="DUPLICATED_KEYS" value="[]"/>
          <column name="Support null in &quot;SQL WHERE&quot; statement" value="false"/>
          <column name="Label format" value="__TABLE__"/>
          <column name="Hint format" value="&lt;b&gt;__UNIQUE_NAME__&lt;/b&gt;&lt;br&gt;__COMMENT__"/>
          <column name="Connection format" value="row"/>
          <column name="Show Information" value="false"/>
          <column name="Comment" value=""/>
          <column name="Use an existing validation rule" value="false"/>
          <column name="Validation Rule Type" value=""/>
        </parameters>
        <schemas>
          <schema name="dim_behavior_resolution_type">
            <column name="Behavior_Resolution_SK" key="true" type="int" length="10" precision="" nullable="false" comment=""/>
            <column name="Behavior_Resolution_id" key="true" type="int" length="10" precision="" nullable="false" comment=""/>
            <column name="Behavior_Resolution_Desc" key="false" type="String" length="150" precision="" nullable="false" comment=""/>
            <column name="Behavior_Resolution_Code" key="false" type="String" length="5" precision="" nullable="false" comment=""/>
            <column name="SOR_ID" key="false" type="int" length="10" precision="" nullable="false" comment=""/>
            <column name="DI_Job_ID" key="false" type="String" length="20" precision="" nullable="true" comment=""/>
            <column name="DI_Create_Date" key="false" type="java.util.Date" length="26" precision="" nullable="false" comment=""/>
            <column name="DI_Modified_Date" key="false" type="java.util.Date" length="26" precision="" nullable="false" comment=""/>
          </schema>
        </schemas>
      </component>
      <component icon="pictures/tDBOutput_5.png" uniqueName="tDBOutput_5" label="__TABLE__">
        <input link="tMap_5">tMap_5</input>
        <output>none</output>
        <componentType>tMysqlOutput</componentType>
        <parameters>
          <column name="Database" value="tMysqlOutput"/>
          <column name="Unique Name" value="tDBOutput_5"/>
          <column name="Component Name" value="tMysqlOutput"/>
          <column name="Version" value="0.102 (ALPHA)"/>
          <column name="Family" value="Databases/DB Specifics/MySQL"/>
          <column name="Startable" value="false"/>
          <column name="SUBTREE_START" value="false"/>
          <column name="END_OF_FLOW" value="true"/>
          <column name="Activate" value="true"/>
          <column name="DUMMY" value="false"/>
          <column name="tStatCatcher Statistics" value="false"/>
          <column name="Help" value="org.talend.help.tMysqlOutput"/>
          <column name="Update components" value="true"/>
          <column name="IREPORT_PATH" value=""/>
          <column name="JAVA_LIBRARY_PATH" value="C:\Program Files (x86)\Talend-Studio\studio\configuration\lib\java"/>
          <column name="Subjob color" value=""/>
          <column name="Title color" value=""/>
          <column name="Enable parallel execution" value="false"/>
          <column name="Number of parallel executions" value="2"/>
          <column name="PARALLELIZE_KEEP_EMPTY" value="false"/>
          <column name="Property Type" value="repository: DB (MYSQL):schools_dw"/>
          <column name="DB Version" value="MYSQL_8"/>
          <column name="Use an existing connection" value="false"/>
          <column name="Component List" value=""/>
          <column name="Database Driver" value="MYSQL"/>
          <column name="Host" value="&quot;localhost&quot;"/>
          <column name="Port" value="&quot;3306&quot;"/>
          <column name="Database" value="&quot;schools_dw&quot;"/>
          <column name="Username" value="&quot;root&quot;"/>
          <column name="Password" value="*********"/>
          <column name="Table" value="&quot;dim_behavior_resolution_type&quot;"/>
          <column name="Action on table" value="NONE"/>
          <column name="Action on data" value="INSERT"/>
          <column name="REPOSITORY_ALLOW_AUTO_SWITCH" value="true"/>
          <column name="Schema" value="Built-In"/>
          <column name="Reject Schema" value="Built-In"/>
          <column name="Specify a data source alias" value="false"/>
          <column name="Data source alias" value="&quot;&quot;"/>
          <column name="Die on error" value="false"/>
          <column name="Mapping" value="mysql_id"/>
          <column name="Additional JDBC Parameters" value="&quot;noDatetimeStringSync=true&amp;useSSL=False&quot;"/>
          <column name="Extend Insert" value="true"/>
          <column name="Number of rows per insert" value="100"/>
          <column name="Use Batch Size" value="true"/>
          <column name="Batch Size" value="10000"/>
          <column name="Encoding" value="&quot;ISO-8859-15&quot;"/>
          <column name="Commit every" value="10000"/>
          <column name="Additional columns" value="[]"/>
          <column name="Use field options" value="false"/>
          <column name="Field options" value="[{SCHEMA_COLUMN=Behavior_Resolution_SK, UPDATE_KEY=false, DELETE_KEY=false, UPDATABLE=true, INSERTABLE=true}, {SCHEMA_COLUMN=Behavior_Resolution_id, UPDATE_KEY=false, DELETE_KEY=false, UPDATABLE=true, INSERTABLE=true}, {SCHEMA_COLUMN=Behavior_Resolution_Desc, UPDATE_KEY=false, DELETE_KEY=false, UPDATABLE=true, INSERTABLE=true}, {SCHEMA_COLUMN=Behavior_Resolution_Code, UPDATE_KEY=false, DELETE_KEY=false, UPDATABLE=true, INSERTABLE=true}, {SCHEMA_COLUMN=SOR_ID, UPDATE_KEY=false, DELETE_KEY=false, UPDATABLE=true, INSERTABLE=true}, {SCHEMA_COLUMN=DI_Job_ID, UPDATE_KEY=false, DELETE_KEY=false, UPDATABLE=true, INSERTABLE=true}, {SCHEMA_COLUMN=DI_Create_Date, UPDATE_KEY=false, DELETE_KEY=false, UPDATABLE=true, INSERTABLE=true}, {SCHEMA_COLUMN=DI_Modified_Date, UPDATE_KEY=false, DELETE_KEY=false, UPDATABLE=true, INSERTABLE=true}]"/>
          <column name="Use Hint Options" value="false"/>
          <column name="Hint Options" value="[]"/>
          <column name="Enable debug mode" value="false"/>
          <column name="Use duplicate key update mode insert" value="false"/>
          <column name="DUPLICATED_KEYS" value="[]"/>
          <column name="Support null in &quot;SQL WHERE&quot; statement" value="false"/>
          <column name="Label format" value="__TABLE__"/>
          <column name="Hint format" value="&lt;b&gt;__UNIQUE_NAME__&lt;/b&gt;&lt;br&gt;__COMMENT__"/>
          <column name="Connection format" value="row"/>
          <column name="Show Information" value="false"/>
          <column name="Comment" value=""/>
          <column name="Use an existing validation rule" value="false"/>
          <column name="Validation Rule Type" value=""/>
        </parameters>
        <schemas>
          <schema name="dim_behavior_resolution_type">
            <column name="Behavior_Resolution_SK" key="true" type="int" length="10" precision="" nullable="false" comment=""/>
            <column name="Behavior_Resolution_id" key="true" type="int" length="10" precision="" nullable="false" comment=""/>
            <column name="Behavior_Resolution_Desc" key="false" type="String" length="150" precision="" nullable="false" comment=""/>
            <column name="Behavior_Resolution_Code" key="false" type="String" length="5" precision="" nullable="false" comment=""/>
            <column name="SOR_ID" key="false" type="int" length="10" precision="" nullable="false" comment=""/>
            <column name="DI_Job_ID" key="false" type="String" length="20" precision="" nullable="true" comment=""/>
            <column name="DI_Create_Date" key="false" type="java.util.Date" length="26" precision="" nullable="false" comment=""/>
            <column name="DI_Modified_Date" key="false" type="java.util.Date" length="26" precision="" nullable="false" comment=""/>
          </schema>
        </schemas>
      </component>
    </internalNodeComponents>
    <externalNodeComponents>
      <component icon="pictures/tMap_1.png" uniqueName="tMap_1" label="__UNIQUE_NAME__" preview="pictures/external_preview_tMap_1.png">
        <input link="tDBInput_1">tDBInput_1</input>
        <output link="tDBOutput_1">tDBOutput_1</output>
        <componentType>tMap</componentType>
        <!--tMap_1-->
      </component>
      <component icon="pictures/tMap_2.png" uniqueName="tMap_2" label="__UNIQUE_NAME__" preview="pictures/external_preview_tMap_2.png">
        <input link="tDBInput_2">tDBInput_2</input>
        <output link="tDBOutput_2">tDBOutput_2</output>
        <componentType>tMap</componentType>
        <!--tMap_2-->
      </component>
      <component icon="pictures/tMap_3.png" uniqueName="tMap_3" label="__UNIQUE_NAME__" preview="pictures/external_preview_tMap_3.png">
        <input link="tDBInput_3">tDBInput_3</input>
        <output link="tDBOutput_3">tDBOutput_3</output>
        <componentType>tMap</componentType>
        <!--tMap_3-->
      </component>
      <component icon="pictures/tMap_4.png" uniqueName="tMap_4" label="__UNIQUE_NAME__" preview="pictures/external_preview_tMap_4.png">
        <input link="tDBInput_4">tDBInput_4</input>
        <output link="tDBOutput_4">tDBOutput_4</output>
        <componentType>tMap</componentType>
        <!--tMap_4-->
      </component>
      <component icon="pictures/tMap_5.png" uniqueName="tMap_5" label="__UNIQUE_NAME__" preview="pictures/external_preview_tMap_5.png">
        <input link="tDBInput_5">tDBInput_5</input>
        <output link="tDBOutput_5">tDBOutput_5</output>
        <componentType>tMap</componentType>
        <!--tMap_5-->
      </component>
    </externalNodeComponents>
    <connections>
      <connection label="row1" lineStyle="0" metaname="tDBInput_1" offsetLabelX="0" offsetLabelY="0" source="tDBInput_1" target="tMap_1"/>
      <connection label="al" lineStyle="0" metaname="al" offsetLabelX="0" offsetLabelY="0" source="tMap_1" target="tDBOutput_1"/>
      <connection label="row2" lineStyle="0" metaname="tDBInput_2" offsetLabelX="0" offsetLabelY="0" source="tDBInput_2" target="tMap_2"/>
      <connection label="ne" lineStyle="0" metaname="ne" offsetLabelX="0" offsetLabelY="0" source="tMap_2" target="tDBOutput_2"/>
      <connection label="row3" lineStyle="0" metaname="tDBInput_3" offsetLabelX="0" offsetLabelY="0" source="tDBInput_3" target="tMap_3"/>
      <connection label="nw" lineStyle="0" metaname="nw" offsetLabelX="0" offsetLabelY="0" source="tMap_3" target="tDBOutput_3"/>
      <connection label="row4" lineStyle="0" metaname="tDBInput_4" offsetLabelX="0" offsetLabelY="0" source="tDBInput_4" target="tMap_4"/>
      <connection label="se" lineStyle="0" metaname="se" offsetLabelX="0" offsetLabelY="0" source="tMap_4" target="tDBOutput_4"/>
      <connection label="row5" lineStyle="0" metaname="tDBInput_5" offsetLabelX="0" offsetLabelY="0" source="tDBInput_5" target="tMap_5"/>
      <connection label="sw" lineStyle="0" metaname="sw" offsetLabelX="0" offsetLabelY="0" source="tMap_5" target="tDBOutput_5"/>
    </connections>
  </job>
</project>
