<?xml version="1.1" encoding="UTF-8"?>

<project i18n.job.generated.documetation="Generated documentation" i18n.job.project.name="Project Name" i18n.job.generated.date="GENERATION DATE" i18n.job.author="AUTHOR" i18n.job.summary="Summary" i18n.job.project.description="Project Description" i18n.job.job.description="Description" i18n.job.job.preview.picture="Preview Picture" i18n.job.job.setting="Settings" i18n.job.context.list="Context List" i18n.job.component.list="Component List" i18n.job.components.description="Components Description" i18n.job.source.code="Source Code" i18n.job.properties="Properties" i18n.job.values="Values" i18n.job.name="Name" i18n.job.language="Language" i18n.job.description="Description" i18n.job.author.min="Author" i18n.job.version="Version" i18n.job.purpose="Purpose" i18n.job.status="Status" i18n.job.creation="Creation" i18n.job.modification="Modification" i18n.job.extract.settings="Extra settings" i18n.job.value="Value" i18n.job.stats.logs="Status &amp; Logs" i18n.job.context="Context" i18n.job.promt="Prompt" i18n.job.need.promt="Need Prompt?" i18n.job.type="Type" i18n.job.source="Source" i18n.job.component.name="Component Name" i18n.job.component.type="Component Type" i18n.job.component="Component" i18n.job.unique.name="UNIQUE NAME" i18n.job.input="INPUT(S)" i18n.job.label="LABEL" i18n.job.output="OUTPUT(S)" i18n.job.component.parameters="Component Parameters:" i18n.job.schema.for="Schema for " i18n.job.column="Column" i18n.job.key="Key" i18n.job.length="Length" i18n.job.precision="Precision" i18n.job.nullable="Nullable" i18n.job.comment="Comment" i18n.job.original.function.parameters="Original Function Parameters:" i18n.job.ended="ended" i18n.job.content="content" i18n.route.manifest.type="Type" i18n.route.manifest.value="Value" i18n.route.resource.name="Name" i18n.route.resource.version="Version" i18n.route.resource.path="Path" name="Project_DWBI" logo="pictures/logo.jpg" title="Generated by Talend Real-time Big Data Platform" link="http://www.talend.com" language="java" generatedDate="Dec 10, 2019 11:38:13 PM" versionName="Talend Real-time VERSION " version="7.1.1.20181026_1147" docType="Jobs" company="">
  <pro-description><![CDATA[]]></pro-description>
  <job name="schools_se" author="user@talend.com" i18n.job.extract.settings.type="i18n.job.extract.settings" i18n.job.stats.logs.type="i18n.job.stats.logs" version="0.1" purpose="" status="" creation="Dec 10, 2019 5:25:52 AM" modification="Dec 10, 2019 5:40:16 PM">
    <description><![CDATA[<br/>]]></description>
    <preview picture="pictures/schools_se_0.1.png"/>
    <contextList>
      <context name="Default"/>
    </contextList>
    <jobSetting>
      <extra>
        <jobParameter name="COMP_DEFAULT_FILE_DIR" value=""/>
        <jobParameter name="Multi thread execution" value="false"/>
        <jobParameter name="Implicit tContextLoad" value="false"/>
      </extra>
      <Statslogs>
        <jobParameter name="Use statistics (tStatCatcher)" value="false"/>
        <jobParameter name="Use logs (tLogCatcher)" value="false"/>
        <jobParameter name="Use volumetrics (tFlowMeterCatcher)" value="false"/>
        <jobParameter name="On Console" value="false"/>
        <jobParameter name="On Files" value="false"/>
        <jobParameter name="On Databases" value="false"/>
        <jobParameter name="Catch components statistics" value="false"/>
        <jobParameter name="Catch runtime errors" value="true"/>
        <jobParameter name="Catch user errors" value="true"/>
        <jobParameter name="Catch user warnings" value="true"/>
      </Statslogs>
    </jobSetting>
    <componentList>
      <componentItem name="tDBInput_1" link="tDBInput_1" type="tPostgresqlInput" leftTopX="128" leftTopY="64" rightBottomX="160" rightBottomY="96"/>
      <componentItem name="tDBInput_2" link="tDBInput_2" type="tPostgresqlInput" leftTopX="128" leftTopY="288" rightBottomX="160" rightBottomY="320"/>
      <componentItem name="tDBInput_3" link="tDBInput_3" type="tPostgresqlInput" leftTopX="160" leftTopY="416" rightBottomX="192" rightBottomY="448"/>
      <componentItem name="tDBInput_4" link="tDBInput_4" type="tPostgresqlInput" leftTopX="320" leftTopY="512" rightBottomX="352" rightBottomY="544"/>
      <componentItem name="tDBOutput_1" link="tDBOutput_1" type="tMysqlOutput" leftTopX="864" leftTopY="96" rightBottomX="896" rightBottomY="128"/>
      <componentItem name="tDBOutput_2" link="tDBOutput_2" type="tMysqlOutput" leftTopX="832" leftTopY="416" rightBottomX="864" rightBottomY="448"/>
      <componentItem name="tFileInputDelimited_1" link="tFileInputDelimited_1" type="tFileInputDelimited" leftTopX="64" leftTopY="160" rightBottomX="96" rightBottomY="192"/>
      <componentItem name="tMap_1" link="tMap_1" type="tMap" leftTopX="512" leftTopY="96" rightBottomX="544" rightBottomY="128"/>
    </componentList>
    <internalNodeComponents>
      <component icon="pictures/tDBInput_1.png" uniqueName="tDBInput_1" label="__TABLE__">
        <input>none</input>
        <output link="tMap_1">tMap_1</output>
        <componentType>tPostgresqlInput</componentType>
        <parameters>
          <column name="Database" value="tPostgresqlInput"/>
          <column name="Unique Name" value="tDBInput_1"/>
          <column name="Component Name" value="tPostgresqlInput"/>
          <column name="Version" value="0.102 (ALPHA)"/>
          <column name="Family" value="Databases/DB Specifics/PostgreSQL"/>
          <column name="Start" value="true"/>
          <column name="Startable" value="true"/>
          <column name="SUBTREE_START" value="true"/>
          <column name="END_OF_FLOW" value="false"/>
          <column name="Activate" value="true"/>
          <column name="DUMMY" value="false"/>
          <column name="tStatCatcher Statistics" value="false"/>
          <column name="Help" value="org.talend.help.tPostgresqlInput"/>
          <column name="Update components" value="true"/>
          <column name="IREPORT_PATH" value=""/>
          <column name="JAVA_LIBRARY_PATH" value="C:\Program Files (x86)\Talend-Studio\studio\configuration\lib\java"/>
          <column name="Subjob color" value=""/>
          <column name="Title color" value=""/>
          <column name="Enable parallel execution" value="false"/>
          <column name="Number of parallel executions" value="2"/>
          <column name="PARALLELIZE_KEEP_EMPTY" value="false"/>
          <column name="Property Type" value="repository: DB (POSTGRESQL):schools_se"/>
          <column name="Use an existing connection" value="false"/>
          <column name="Component List" value=""/>
          <column name="DB Version" value="V9_X"/>
          <column name="Host" value="&quot;localhost&quot;"/>
          <column name="Database Driver" value="POSTGRESQL"/>
          <column name="Port" value="&quot;5432&quot;"/>
          <column name="Database" value="&quot;schools_se&quot;"/>
          <column name="Schema" value="&quot;public&quot;"/>
          <column name="Username" value="&quot;postgres&quot;"/>
          <column name="Password" value="*********"/>
          <column name="REPOSITORY_ALLOW_AUTO_SWITCH" value="true"/>
          <column name="Schema" value="Built-In"/>
          <column name="Table Name" value="&quot;schools_se&quot;"/>
          <column name="Query Type" value="Built-In"/>
          <column name="Guess Schema" value="&quot;&quot;"/>
          <column name="Query" value="&quot;SELECT 
  \&quot;schools_se\&quot;.\&quot;public\&quot;.\&quot;schools_se\&quot;.\&quot;school_number\&quot;, 
  \&quot;schools_se\&quot;.\&quot;public\&quot;.\&quot;schools_se\&quot;.\&quot;school_name\&quot;, 
  \&quot;schools_se\&quot;.\&quot;public\&quot;.\&quot;schools_se\&quot;.\&quot;school_num_name\&quot;, 
  \&quot;schools_se\&quot;.\&quot;public\&quot;.\&quot;schools_se\&quot;.\&quot;school_name_num\&quot;, 
  \&quot;schools_se\&quot;.\&quot;public\&quot;.\&quot;schools_se\&quot;.\&quot;status_flag\&quot;, 
  \&quot;schools_se\&quot;.\&quot;public\&quot;.\&quot;schools_se\&quot;.\&quot;district_area_code\&quot;, 
  \&quot;schools_se\&quot;.\&quot;public\&quot;.\&quot;schools_se\&quot;.\&quot;address\&quot;, 
  \&quot;schools_se\&quot;.\&quot;public\&quot;.\&quot;schools_se\&quot;.\&quot;city\&quot;, 
  \&quot;schools_se\&quot;.\&quot;public\&quot;.\&quot;schools_se\&quot;.\&quot;state\&quot;, 
  \&quot;schools_se\&quot;.\&quot;public\&quot;.\&quot;schools_se\&quot;.\&quot;zip_code\&quot;, 
  \&quot;schools_se\&quot;.\&quot;public\&quot;.\&quot;schools_se\&quot;.\&quot;latitude\&quot;, 
  \&quot;schools_se\&quot;.\&quot;public\&quot;.\&quot;schools_se\&quot;.\&quot;longitude\&quot;, 
  \&quot;schools_se\&quot;.\&quot;public\&quot;.\&quot;schools_se\&quot;.\&quot;county\&quot;, 
  \&quot;schools_se\&quot;.\&quot;public\&quot;.\&quot;schools_se\&quot;.\&quot;numberofstudents\&quot;, 
  \&quot;schools_se\&quot;.\&quot;public\&quot;.\&quot;schools_se\&quot;.\&quot;advisory_group_code\&quot;, 
  \&quot;schools_se\&quot;.\&quot;public\&quot;.\&quot;schools_se\&quot;.\&quot;advisory_group_name\&quot;, 
  \&quot;schools_se\&quot;.\&quot;public\&quot;.\&quot;schools_se\&quot;.\&quot;principal_last_name\&quot;, 
  \&quot;schools_se\&quot;.\&quot;public\&quot;.\&quot;schools_se\&quot;.\&quot;principal_first_name\&quot;, 
  \&quot;schools_se\&quot;.\&quot;public\&quot;.\&quot;schools_se\&quot;.\&quot;school_type_code\&quot;, 
  \&quot;schools_se\&quot;.\&quot;public\&quot;.\&quot;schools_se\&quot;.\&quot;school_level_code\&quot;, 
  \&quot;schools_se\&quot;.\&quot;public\&quot;.\&quot;schools_se\&quot;.\&quot;ela_school_type\&quot;, 
  \&quot;schools_se\&quot;.\&quot;public\&quot;.\&quot;schools_se\&quot;.\&quot;ela_service_type\&quot;, 
  \&quot;schools_se\&quot;.\&quot;public\&quot;.\&quot;schools_se\&quot;.\&quot;minimum_grade_taught\&quot;, 
  \&quot;schools_se\&quot;.\&quot;public\&quot;.\&quot;schools_se\&quot;.\&quot;maximum_grade_taught\&quot;, 
  \&quot;schools_se\&quot;.\&quot;public\&quot;.\&quot;schools_se\&quot;.\&quot;title_i_ind\&quot;, 
  \&quot;schools_se\&quot;.\&quot;public\&quot;.\&quot;schools_se\&quot;.\&quot;hard_to_serve_flag\&quot;, 
  \&quot;schools_se\&quot;.\&quot;public\&quot;.\&quot;schools_se\&quot;.\&quot;alt_school_flag\&quot;, 
  \&quot;schools_se\&quot;.\&quot;public\&quot;.\&quot;schools_se\&quot;.\&quot;charter_school_flag\&quot;, 
  \&quot;schools_se\&quot;.\&quot;public\&quot;.\&quot;schools_se\&quot;.\&quot;br_class\&quot;, 
  \&quot;schools_se\&quot;.\&quot;public\&quot;.\&quot;schools_se\&quot;.\&quot;dps_flag\&quot;, 
  \&quot;schools_se\&quot;.\&quot;public\&quot;.\&quot;schools_se\&quot;.\&quot;createdate\&quot;, 
  \&quot;schools_se\&quot;.\&quot;public\&quot;.\&quot;schools_se\&quot;.\&quot;di_job_id\&quot;, 
  \&quot;schools_se\&quot;.\&quot;public\&quot;.\&quot;schools_se\&quot;.\&quot;di_create_date\&quot;
FROM \&quot;schools_se\&quot;.\&quot;public\&quot;.\&quot;schools_se\&quot;&quot;"/>
          <column name="Specify a data source alias" value="false"/>
          <column name="Data source alias" value="&quot;&quot;"/>
          <column name="Mapping" value="postgres_id"/>
          <column name="Encoding" value="&quot;ISO-8859-15&quot;"/>
          <column name="Use cursor" value="false"/>
          <column name="Cursor size" value="1000"/>
          <column name="Trim all the String/Char columns" value="false"/>
          <column name="Trim column" value="[{SCHEMA_COLUMN=school_number, TRIM=false}, {SCHEMA_COLUMN=school_name, TRIM=false}, {SCHEMA_COLUMN=school_num_name, TRIM=false}, {SCHEMA_COLUMN=school_name_num, TRIM=false}, {SCHEMA_COLUMN=status_flag, TRIM=false}, {SCHEMA_COLUMN=district_area_code, TRIM=false}, {SCHEMA_COLUMN=address, TRIM=false}, {SCHEMA_COLUMN=city, TRIM=false}, {SCHEMA_COLUMN=state, TRIM=false}, {SCHEMA_COLUMN=zip_code, TRIM=false}, {SCHEMA_COLUMN=latitude, TRIM=false}, {SCHEMA_COLUMN=longitude, TRIM=false}, {SCHEMA_COLUMN=county, TRIM=false}, {SCHEMA_COLUMN=numberofstudents, TRIM=false}, {SCHEMA_COLUMN=advisory_group_code, TRIM=false}, {SCHEMA_COLUMN=advisory_group_name, TRIM=false}, {SCHEMA_COLUMN=principal_last_name, TRIM=false}, {SCHEMA_COLUMN=principal_first_name, TRIM=false}, {SCHEMA_COLUMN=school_type_code, TRIM=false}, {SCHEMA_COLUMN=school_level_code, TRIM=false}, {SCHEMA_COLUMN=ela_school_type, TRIM=false}, {SCHEMA_COLUMN=ela_service_type, TRIM=false}, {SCHEMA_COLUMN=minimum_grade_taught, TRIM=false}, {SCHEMA_COLUMN=maximum_grade_taught, TRIM=false}, {SCHEMA_COLUMN=title_i_ind, TRIM=false}, {SCHEMA_COLUMN=hard_to_serve_flag, TRIM=false}, {SCHEMA_COLUMN=alt_school_flag, TRIM=false}, {SCHEMA_COLUMN=charter_school_flag, TRIM=false}, {SCHEMA_COLUMN=br_class, TRIM=false}, {SCHEMA_COLUMN=dps_flag, TRIM=false}, {SCHEMA_COLUMN=createdate, TRIM=false}, {SCHEMA_COLUMN=di_job_id, TRIM=false}, {SCHEMA_COLUMN=di_create_date, TRIM=false}]"/>
          <column name="Label format" value="__TABLE__"/>
          <column name="Hint format" value="&lt;b&gt;__UNIQUE_NAME__&lt;/b&gt;&lt;br&gt;__COMMENT__"/>
          <column name="Connection format" value="row"/>
          <column name="Show Information" value="false"/>
          <column name="Comment" value=""/>
          <column name="Use an existing validation rule" value="false"/>
          <column name="Validation Rule Type" value=""/>
        </parameters>
        <schemas>
          <schema name="schools_se">
            <column name="school_number" key="true" type="int" length="10" precision="" nullable="false" comment=""/>
            <column name="school_name" key="false" type="String" length="250" precision="" nullable="true" comment=""/>
            <column name="school_num_name" key="false" type="String" length="255" precision="" nullable="true" comment=""/>
            <column name="school_name_num" key="false" type="String" length="255" precision="" nullable="true" comment=""/>
            <column name="status_flag" key="false" type="String" length="1" precision="" nullable="true" comment=""/>
            <column name="district_area_code" key="false" type="String" length="2" precision="" nullable="true" comment=""/>
            <column name="address" key="false" type="String" length="255" precision="" nullable="true" comment=""/>
            <column name="city" key="false" type="String" length="80" precision="" nullable="true" comment=""/>
            <column name="state" key="false" type="String" length="80" precision="" nullable="true" comment=""/>
            <column name="zip_code" key="false" type="Integer" length="10" precision="" nullable="true" comment=""/>
            <column name="latitude" key="false" type="Double" length="28" precision="10" nullable="true" comment=""/>
            <column name="longitude" key="false" type="Double" length="28" precision="10" nullable="true" comment=""/>
            <column name="county" key="false" type="String" length="50" precision="" nullable="true" comment=""/>
            <column name="numberofstudents" key="false" type="Integer" length="10" precision="" nullable="true" comment=""/>
            <column name="advisory_group_code" key="false" type="Integer" length="10" precision="" nullable="true" comment=""/>
            <column name="advisory_group_name" key="false" type="String" length="80" precision="" nullable="true" comment=""/>
            <column name="principal_last_name" key="false" type="String" length="80" precision="" nullable="true" comment=""/>
            <column name="principal_first_name" key="false" type="String" length="80" precision="" nullable="true" comment=""/>
            <column name="school_type_code" key="false" type="String" length="10" precision="" nullable="true" comment=""/>
            <column name="school_level_code" key="false" type="Integer" length="10" precision="" nullable="true" comment=""/>
            <column name="ela_school_type" key="false" type="String" length="50" precision="" nullable="true" comment=""/>
            <column name="ela_service_type" key="false" type="String" length="50" precision="" nullable="true" comment=""/>
            <column name="minimum_grade_taught" key="false" type="String" length="2" precision="" nullable="true" comment=""/>
            <column name="maximum_grade_taught" key="false" type="String" length="2" precision="" nullable="true" comment=""/>
            <column name="title_i_ind" key="false" type="String" length="50" precision="" nullable="true" comment=""/>
            <column name="hard_to_serve_flag" key="false" type="Boolean" length="1" precision="" nullable="true" comment=""/>
            <column name="alt_school_flag" key="false" type="Boolean" length="1" precision="" nullable="true" comment=""/>
            <column name="charter_school_flag" key="false" type="Boolean" length="1" precision="" nullable="true" comment=""/>
            <column name="br_class" key="false" type="String" length="2" precision="" nullable="true" comment=""/>
            <column name="dps_flag" key="false" type="Boolean" length="1" precision="" nullable="true" comment=""/>
            <column name="createdate" key="false" type="java.util.Date" length="26" precision="3" nullable="true" comment=""/>
            <column name="di_job_id" key="false" type="String" length="20" precision="" nullable="true" comment=""/>
            <column name="di_create_date" key="false" type="java.util.Date" length="26" precision="3" nullable="false" comment=""/>
          </schema>
        </schemas>
      </component>
      <component icon="pictures/tDBInput_2.png" uniqueName="tDBInput_2" label="__TABLE__">
        <input>none</input>
        <output link="tMap_1">tMap_1</output>
        <componentType>tPostgresqlInput</componentType>
        <parameters>
          <column name="Database" value="tPostgresqlInput"/>
          <column name="Unique Name" value="tDBInput_2"/>
          <column name="Component Name" value="tPostgresqlInput"/>
          <column name="Version" value="0.102 (ALPHA)"/>
          <column name="Family" value="Databases/DB Specifics/PostgreSQL"/>
          <column name="Start" value="false"/>
          <column name="Startable" value="true"/>
          <column name="SUBTREE_START" value="false"/>
          <column name="END_OF_FLOW" value="false"/>
          <column name="Activate" value="true"/>
          <column name="DUMMY" value="false"/>
          <column name="tStatCatcher Statistics" value="false"/>
          <column name="Help" value="org.talend.help.tPostgresqlInput"/>
          <column name="Update components" value="true"/>
          <column name="IREPORT_PATH" value=""/>
          <column name="JAVA_LIBRARY_PATH" value="C:\Program Files (x86)\Talend-Studio\studio\configuration\lib\java"/>
          <column name="Subjob color" value=""/>
          <column name="Title color" value=""/>
          <column name="Enable parallel execution" value="false"/>
          <column name="Number of parallel executions" value="2"/>
          <column name="PARALLELIZE_KEEP_EMPTY" value="false"/>
          <column name="Property Type" value="repository: DB (POSTGRESQL):schools_se"/>
          <column name="Use an existing connection" value="false"/>
          <column name="Component List" value=""/>
          <column name="DB Version" value="V9_X"/>
          <column name="Host" value="&quot;localhost&quot;"/>
          <column name="Database Driver" value="POSTGRESQL"/>
          <column name="Port" value="&quot;5432&quot;"/>
          <column name="Database" value="&quot;schools_se&quot;"/>
          <column name="Schema" value="&quot;public&quot;"/>
          <column name="Username" value="&quot;postgres&quot;"/>
          <column name="Password" value="*********"/>
          <column name="REPOSITORY_ALLOW_AUTO_SWITCH" value="true"/>
          <column name="Schema" value="Built-In"/>
          <column name="Table Name" value="&quot;cde_school&quot;"/>
          <column name="Query Type" value="Built-In"/>
          <column name="Guess Schema" value="&quot;&quot;"/>
          <column name="Query" value="&quot;SELECT 
  \&quot;schools_se\&quot;.\&quot;public\&quot;.\&quot;cde_school\&quot;.\&quot;cde_school_id\&quot;, 
  \&quot;schools_se\&quot;.\&quot;public\&quot;.\&quot;cde_school\&quot;.\&quot;cde_school_number\&quot;, 
  \&quot;schools_se\&quot;.\&quot;public\&quot;.\&quot;cde_school\&quot;.\&quot;cde_minimum_grade_taught\&quot;, 
  \&quot;schools_se\&quot;.\&quot;public\&quot;.\&quot;cde_school\&quot;.\&quot;cde_maximum_grade_taught\&quot;, 
  \&quot;schools_se\&quot;.\&quot;public\&quot;.\&quot;cde_school\&quot;.\&quot;di_job_id\&quot;, 
  \&quot;schools_se\&quot;.\&quot;public\&quot;.\&quot;cde_school\&quot;.\&quot;di_create_date\&quot;
FROM \&quot;schools_se\&quot;.\&quot;public\&quot;.\&quot;cde_school\&quot;&quot;"/>
          <column name="Specify a data source alias" value="false"/>
          <column name="Data source alias" value="&quot;&quot;"/>
          <column name="Mapping" value="postgres_id"/>
          <column name="Encoding" value="&quot;ISO-8859-15&quot;"/>
          <column name="Use cursor" value="false"/>
          <column name="Cursor size" value="1000"/>
          <column name="Trim all the String/Char columns" value="false"/>
          <column name="Trim column" value="[{SCHEMA_COLUMN=cde_school_id, TRIM=false}, {SCHEMA_COLUMN=cde_school_number, TRIM=false}, {SCHEMA_COLUMN=cde_minimum_grade_taught, TRIM=false}, {SCHEMA_COLUMN=cde_maximum_grade_taught, TRIM=false}, {SCHEMA_COLUMN=di_job_id, TRIM=false}, {SCHEMA_COLUMN=di_create_date, TRIM=false}]"/>
          <column name="Label format" value="__TABLE__"/>
          <column name="Hint format" value="&lt;b&gt;__UNIQUE_NAME__&lt;/b&gt;&lt;br&gt;__COMMENT__"/>
          <column name="Connection format" value="row"/>
          <column name="Show Information" value="false"/>
          <column name="Comment" value=""/>
          <column name="Use an existing validation rule" value="false"/>
          <column name="Validation Rule Type" value=""/>
        </parameters>
        <schemas>
          <schema name="cde_school">
            <column name="cde_school_id" key="true" type="int" length="10" precision="" nullable="false" comment=""/>
            <column name="cde_school_number" key="false" type="String" length="10" precision="" nullable="true" comment=""/>
            <column name="cde_minimum_grade_taught" key="false" type="String" length="10" precision="" nullable="true" comment=""/>
            <column name="cde_maximum_grade_taught" key="false" type="String" length="10" precision="" nullable="true" comment=""/>
            <column name="di_job_id" key="false" type="String" length="20" precision="" nullable="true" comment=""/>
            <column name="di_create_date" key="false" type="java.util.Date" length="26" precision="3" nullable="false" comment=""/>
          </schema>
        </schemas>
      </component>
      <component icon="pictures/tDBInput_3.png" uniqueName="tDBInput_3" label="__TABLE__">
        <input>none</input>
        <output link="tMap_1">tMap_1</output>
        <componentType>tPostgresqlInput</componentType>
        <parameters>
          <column name="Database" value="tPostgresqlInput"/>
          <column name="Unique Name" value="tDBInput_3"/>
          <column name="Component Name" value="tPostgresqlInput"/>
          <column name="Version" value="0.102 (ALPHA)"/>
          <column name="Family" value="Databases/DB Specifics/PostgreSQL"/>
          <column name="Start" value="false"/>
          <column name="Startable" value="true"/>
          <column name="SUBTREE_START" value="false"/>
          <column name="END_OF_FLOW" value="false"/>
          <column name="Activate" value="true"/>
          <column name="DUMMY" value="false"/>
          <column name="tStatCatcher Statistics" value="false"/>
          <column name="Help" value="org.talend.help.tPostgresqlInput"/>
          <column name="Update components" value="true"/>
          <column name="IREPORT_PATH" value=""/>
          <column name="JAVA_LIBRARY_PATH" value="C:\Program Files (x86)\Talend-Studio\studio\configuration\lib\java"/>
          <column name="Subjob color" value=""/>
          <column name="Title color" value=""/>
          <column name="Enable parallel execution" value="false"/>
          <column name="Number of parallel executions" value="2"/>
          <column name="PARALLELIZE_KEEP_EMPTY" value="false"/>
          <column name="Property Type" value="repository: DB (POSTGRESQL):schools_se"/>
          <column name="Use an existing connection" value="false"/>
          <column name="Component List" value=""/>
          <column name="DB Version" value="V9_X"/>
          <column name="Host" value="&quot;localhost&quot;"/>
          <column name="Database Driver" value="POSTGRESQL"/>
          <column name="Port" value="&quot;5432&quot;"/>
          <column name="Database" value="&quot;schools_se&quot;"/>
          <column name="Schema" value="&quot;public&quot;"/>
          <column name="Username" value="&quot;postgres&quot;"/>
          <column name="Password" value="*********"/>
          <column name="REPOSITORY_ALLOW_AUTO_SWITCH" value="true"/>
          <column name="Schema" value="Built-In"/>
          <column name="Table Name" value="&quot;school_district&quot;"/>
          <column name="Query Type" value="Built-In"/>
          <column name="Guess Schema" value="&quot;&quot;"/>
          <column name="Query" value="&quot;SELECT 
  \&quot;schools_se\&quot;.\&quot;public\&quot;.\&quot;school_district\&quot;.\&quot;district_id\&quot;, 
  \&quot;schools_se\&quot;.\&quot;public\&quot;.\&quot;school_district\&quot;.\&quot;district_area_code\&quot;, 
  \&quot;schools_se\&quot;.\&quot;public\&quot;.\&quot;school_district\&quot;.\&quot;district_area_name\&quot;, 
  \&quot;schools_se\&quot;.\&quot;public\&quot;.\&quot;school_district\&quot;.\&quot;di_job_id\&quot;, 
  \&quot;schools_se\&quot;.\&quot;public\&quot;.\&quot;school_district\&quot;.\&quot;di_create_date\&quot;
FROM \&quot;schools_se\&quot;.\&quot;public\&quot;.\&quot;school_district\&quot;&quot;"/>
          <column name="Specify a data source alias" value="false"/>
          <column name="Data source alias" value="&quot;&quot;"/>
          <column name="Mapping" value="postgres_id"/>
          <column name="Encoding" value="&quot;ISO-8859-15&quot;"/>
          <column name="Use cursor" value="false"/>
          <column name="Cursor size" value="1000"/>
          <column name="Trim all the String/Char columns" value="false"/>
          <column name="Trim column" value="[{SCHEMA_COLUMN=district_id, TRIM=false}, {SCHEMA_COLUMN=district_area_code, TRIM=false}, {SCHEMA_COLUMN=district_area_name, TRIM=false}, {SCHEMA_COLUMN=di_job_id, TRIM=false}, {SCHEMA_COLUMN=di_create_date, TRIM=false}]"/>
          <column name="Label format" value="__TABLE__"/>
          <column name="Hint format" value="&lt;b&gt;__UNIQUE_NAME__&lt;/b&gt;&lt;br&gt;__COMMENT__"/>
          <column name="Connection format" value="row"/>
          <column name="Show Information" value="false"/>
          <column name="Comment" value=""/>
          <column name="Use an existing validation rule" value="false"/>
          <column name="Validation Rule Type" value=""/>
        </parameters>
        <schemas>
          <schema name="school_district">
            <column name="district_id" key="true" type="int" length="10" precision="" nullable="false" comment=""/>
            <column name="district_area_code" key="false" type="String" length="2" precision="" nullable="true" comment=""/>
            <column name="district_area_name" key="false" type="String" length="100" precision="" nullable="true" comment=""/>
            <column name="di_job_id" key="false" type="String" length="20" precision="" nullable="true" comment=""/>
            <column name="di_create_date" key="false" type="java.util.Date" length="26" precision="3" nullable="false" comment=""/>
          </schema>
        </schemas>
      </component>
      <component icon="pictures/tDBInput_4.png" uniqueName="tDBInput_4" label="__TABLE__">
        <input>none</input>
        <output link="tMap_1">tMap_1</output>
        <componentType>tPostgresqlInput</componentType>
        <parameters>
          <column name="Database" value="tPostgresqlInput"/>
          <column name="Unique Name" value="tDBInput_4"/>
          <column name="Component Name" value="tPostgresqlInput"/>
          <column name="Version" value="0.102 (ALPHA)"/>
          <column name="Family" value="Databases/DB Specifics/PostgreSQL"/>
          <column name="Start" value="false"/>
          <column name="Startable" value="true"/>
          <column name="SUBTREE_START" value="false"/>
          <column name="END_OF_FLOW" value="false"/>
          <column name="Activate" value="true"/>
          <column name="DUMMY" value="false"/>
          <column name="tStatCatcher Statistics" value="false"/>
          <column name="Help" value="org.talend.help.tPostgresqlInput"/>
          <column name="Update components" value="true"/>
          <column name="IREPORT_PATH" value=""/>
          <column name="JAVA_LIBRARY_PATH" value="C:\Program Files (x86)\Talend-Studio\studio\configuration\lib\java"/>
          <column name="Subjob color" value=""/>
          <column name="Title color" value=""/>
          <column name="Enable parallel execution" value="false"/>
          <column name="Number of parallel executions" value="2"/>
          <column name="PARALLELIZE_KEEP_EMPTY" value="false"/>
          <column name="Property Type" value="repository: DB (POSTGRESQL):schools_se"/>
          <column name="Use an existing connection" value="false"/>
          <column name="Component List" value=""/>
          <column name="DB Version" value="V9_X"/>
          <column name="Host" value="&quot;localhost&quot;"/>
          <column name="Database Driver" value="POSTGRESQL"/>
          <column name="Port" value="&quot;5432&quot;"/>
          <column name="Database" value="&quot;schools_se&quot;"/>
          <column name="Schema" value="&quot;public&quot;"/>
          <column name="Username" value="&quot;postgres&quot;"/>
          <column name="Password" value="*********"/>
          <column name="REPOSITORY_ALLOW_AUTO_SWITCH" value="true"/>
          <column name="Schema" value="Built-In"/>
          <column name="Table Name" value="&quot;school_type&quot;"/>
          <column name="Query Type" value="Built-In"/>
          <column name="Guess Schema" value="&quot;&quot;"/>
          <column name="Query" value="&quot;SELECT 
  \&quot;schools_se\&quot;.\&quot;public\&quot;.\&quot;school_type\&quot;.\&quot;school_type_id\&quot;, 
  \&quot;schools_se\&quot;.\&quot;public\&quot;.\&quot;school_type\&quot;.\&quot;school_type_code\&quot;, 
  \&quot;schools_se\&quot;.\&quot;public\&quot;.\&quot;school_type\&quot;.\&quot;description\&quot;, 
  \&quot;schools_se\&quot;.\&quot;public\&quot;.\&quot;school_type\&quot;.\&quot;di_job_id\&quot;, 
  \&quot;schools_se\&quot;.\&quot;public\&quot;.\&quot;school_type\&quot;.\&quot;di_create_date\&quot;
FROM \&quot;schools_se\&quot;.\&quot;public\&quot;.\&quot;school_type\&quot;&quot;"/>
          <column name="Specify a data source alias" value="false"/>
          <column name="Data source alias" value="&quot;&quot;"/>
          <column name="Mapping" value="postgres_id"/>
          <column name="Encoding" value="&quot;ISO-8859-15&quot;"/>
          <column name="Use cursor" value="false"/>
          <column name="Cursor size" value="1000"/>
          <column name="Trim all the String/Char columns" value="false"/>
          <column name="Trim column" value="[{SCHEMA_COLUMN=school_type_id, TRIM=false}, {SCHEMA_COLUMN=school_type_code, TRIM=false}, {SCHEMA_COLUMN=description, TRIM=false}, {SCHEMA_COLUMN=di_job_id, TRIM=false}, {SCHEMA_COLUMN=di_create_date, TRIM=false}]"/>
          <column name="Label format" value="__TABLE__"/>
          <column name="Hint format" value="&lt;b&gt;__UNIQUE_NAME__&lt;/b&gt;&lt;br&gt;__COMMENT__"/>
          <column name="Connection format" value="row"/>
          <column name="Show Information" value="false"/>
          <column name="Comment" value=""/>
          <column name="Use an existing validation rule" value="false"/>
          <column name="Validation Rule Type" value=""/>
        </parameters>
        <schemas>
          <schema name="school_type">
            <column name="school_type_id" key="true" type="int" length="10" precision="" nullable="false" comment=""/>
            <column name="school_type_code" key="false" type="String" length="10" precision="" nullable="false" comment=""/>
            <column name="description" key="false" type="String" length="250" precision="" nullable="false" comment=""/>
            <column name="di_job_id" key="false" type="String" length="20" precision="" nullable="true" comment=""/>
            <column name="di_create_date" key="false" type="java.util.Date" length="26" precision="3" nullable="false" comment=""/>
          </schema>
        </schemas>
      </component>
      <component icon="pictures/tDBOutput_1.png" uniqueName="tDBOutput_1" label="__TABLE__">
        <input link="tMap_1">tMap_1</input>
        <output>none</output>
        <componentType>tMysqlOutput</componentType>
        <parameters>
          <column name="Database" value="tMysqlOutput"/>
          <column name="Unique Name" value="tDBOutput_1"/>
          <column name="Component Name" value="tMysqlOutput"/>
          <column name="Version" value="0.102 (ALPHA)"/>
          <column name="Family" value="Databases/DB Specifics/MySQL"/>
          <column name="Startable" value="false"/>
          <column name="SUBTREE_START" value="false"/>
          <column name="END_OF_FLOW" value="true"/>
          <column name="Activate" value="true"/>
          <column name="DUMMY" value="false"/>
          <column name="tStatCatcher Statistics" value="false"/>
          <column name="Help" value="org.talend.help.tMysqlOutput"/>
          <column name="Update components" value="true"/>
          <column name="IREPORT_PATH" value=""/>
          <column name="JAVA_LIBRARY_PATH" value="C:\Program Files (x86)\Talend-Studio\studio\configuration\lib\java"/>
          <column name="Subjob color" value=""/>
          <column name="Title color" value=""/>
          <column name="Enable parallel execution" value="false"/>
          <column name="Number of parallel executions" value="2"/>
          <column name="PARALLELIZE_KEEP_EMPTY" value="false"/>
          <column name="Property Type" value="repository: DB (MYSQL):schools_dw"/>
          <column name="DB Version" value="MYSQL_8"/>
          <column name="Use an existing connection" value="false"/>
          <column name="Component List" value=""/>
          <column name="Database Driver" value="MYSQL"/>
          <column name="Host" value="&quot;localhost&quot;"/>
          <column name="Port" value="&quot;3306&quot;"/>
          <column name="Database" value="&quot;schools_dw&quot;"/>
          <column name="Username" value="&quot;root&quot;"/>
          <column name="Password" value="*********"/>
          <column name="Table" value="&quot;dim_schools&quot;"/>
          <column name="Action on table" value="NONE"/>
          <column name="Action on data" value="REPLACE"/>
          <column name="REPOSITORY_ALLOW_AUTO_SWITCH" value="true"/>
          <column name="Schema" value="Built-In"/>
          <column name="Reject Schema" value="Built-In"/>
          <column name="Specify a data source alias" value="false"/>
          <column name="Data source alias" value="&quot;&quot;"/>
          <column name="Die on error" value="false"/>
          <column name="Mapping" value="mysql_id"/>
          <column name="Additional JDBC Parameters" value="&quot;noDatetimeStringSync=true&amp;useSSL=False&quot;"/>
          <column name="Extend Insert" value="true"/>
          <column name="Number of rows per insert" value="100"/>
          <column name="Use Batch Size" value="true"/>
          <column name="Batch Size" value="10000"/>
          <column name="Encoding" value="&quot;ISO-8859-15&quot;"/>
          <column name="Commit every" value="10000"/>
          <column name="Additional columns" value="[]"/>
          <column name="Use field options" value="false"/>
          <column name="Field options" value="[{SCHEMA_COLUMN=School_SK, UPDATE_KEY=false, DELETE_KEY=false, UPDATABLE=true, INSERTABLE=true}, {SCHEMA_COLUMN=School_Id, UPDATE_KEY=false, DELETE_KEY=false, UPDATABLE=true, INSERTABLE=true}, {SCHEMA_COLUMN=School_Number, UPDATE_KEY=false, DELETE_KEY=false, UPDATABLE=true, INSERTABLE=true}, {SCHEMA_COLUMN=CDE_School_Id, UPDATE_KEY=false, DELETE_KEY=false, UPDATABLE=true, INSERTABLE=true}, {SCHEMA_COLUMN=School_Name, UPDATE_KEY=false, DELETE_KEY=false, UPDATABLE=true, INSERTABLE=true}, {SCHEMA_COLUMN=School_Num_name, UPDATE_KEY=false, DELETE_KEY=false, UPDATABLE=true, INSERTABLE=true}, {SCHEMA_COLUMN=School_Name_Num, UPDATE_KEY=false, DELETE_KEY=false, UPDATABLE=true, INSERTABLE=true}, {SCHEMA_COLUMN=Status_Flag, UPDATE_KEY=false, DELETE_KEY=false, UPDATABLE=true, INSERTABLE=true}, {SCHEMA_COLUMN=District_Id, UPDATE_KEY=false, DELETE_KEY=false, UPDATABLE=true, INSERTABLE=true}, {SCHEMA_COLUMN=School_Address, UPDATE_KEY=false, DELETE_KEY=false, UPDATABLE=true, INSERTABLE=true}, {SCHEMA_COLUMN=geo_sk, UPDATE_KEY=false, DELETE_KEY=false, UPDATABLE=true, INSERTABLE=true}, {SCHEMA_COLUMN=School_Zip_Code, UPDATE_KEY=false, DELETE_KEY=false, UPDATABLE=true, INSERTABLE=true}, {SCHEMA_COLUMN=School_Latitude, UPDATE_KEY=false, DELETE_KEY=false, UPDATABLE=true, INSERTABLE=true}, {SCHEMA_COLUMN=School_Longitude, UPDATE_KEY=false, DELETE_KEY=false, UPDATABLE=true, INSERTABLE=true}, {SCHEMA_COLUMN=School_County, UPDATE_KEY=false, DELETE_KEY=false, UPDATABLE=true, INSERTABLE=true}, {SCHEMA_COLUMN=NumberOfStudents, UPDATE_KEY=false, DELETE_KEY=false, UPDATABLE=true, INSERTABLE=true}, {SCHEMA_COLUMN=Advisory_Group_Code, UPDATE_KEY=false, DELETE_KEY=false, UPDATABLE=true, INSERTABLE=true}, {SCHEMA_COLUMN=Advisory_Group_Name, UPDATE_KEY=false, DELETE_KEY=false, UPDATABLE=true, INSERTABLE=true}, {SCHEMA_COLUMN=Principal_Last_Name, UPDATE_KEY=false, DELETE_KEY=false, UPDATABLE=true, INSERTABLE=true}, {SCHEMA_COLUMN=Principal_First_Name, UPDATE_KEY=false, DELETE_KEY=false, UPDATABLE=true, INSERTABLE=true}, {SCHEMA_COLUMN=School_Type_ID, UPDATE_KEY=false, DELETE_KEY=false, UPDATABLE=true, INSERTABLE=true}, {SCHEMA_COLUMN=School_Type_Desc, UPDATE_KEY=false, DELETE_KEY=false, UPDATABLE=true, INSERTABLE=true}, {SCHEMA_COLUMN=School_Level_Code, UPDATE_KEY=false, DELETE_KEY=false, UPDATABLE=true, INSERTABLE=true}, {SCHEMA_COLUMN=ELA_School_Type, UPDATE_KEY=false, DELETE_KEY=false, UPDATABLE=true, INSERTABLE=true}, {SCHEMA_COLUMN=ELA_Service_Type, UPDATE_KEY=false, DELETE_KEY=false, UPDATABLE=true, INSERTABLE=true}, {SCHEMA_COLUMN=Minimum_Grade_Taught, UPDATE_KEY=false, DELETE_KEY=false, UPDATABLE=true, INSERTABLE=true}, {SCHEMA_COLUMN=Maximum_Grade_Taught, UPDATE_KEY=false, DELETE_KEY=false, UPDATABLE=true, INSERTABLE=true}, {SCHEMA_COLUMN=Title_I_Ind, UPDATE_KEY=false, DELETE_KEY=false, UPDATABLE=true, INSERTABLE=true}, {SCHEMA_COLUMN=Hard_to_Serve_Flag, UPDATE_KEY=false, DELETE_KEY=false, UPDATABLE=true, INSERTABLE=true}, {SCHEMA_COLUMN=Alt_School_Flag, UPDATE_KEY=false, DELETE_KEY=false, UPDATABLE=true, INSERTABLE=true}, {SCHEMA_COLUMN=Charter_School_Flag, UPDATE_KEY=false, DELETE_KEY=false, UPDATABLE=true, INSERTABLE=true}, {SCHEMA_COLUMN=BR_Class, UPDATE_KEY=false, DELETE_KEY=false, UPDATABLE=true, INSERTABLE=true}, {SCHEMA_COLUMN=DPS_Flag, UPDATE_KEY=false, DELETE_KEY=false, UPDATABLE=true, INSERTABLE=true}, {SCHEMA_COLUMN=CDE_School_Number, UPDATE_KEY=false, DELETE_KEY=false, UPDATABLE=true, INSERTABLE=true}, {SCHEMA_COLUMN=CDE_Minimum_Grade_Taught, UPDATE_KEY=false, DELETE_KEY=false, UPDATABLE=true, INSERTABLE=true}, {SCHEMA_COLUMN=CDE_Maximum_Grade_Taught, UPDATE_KEY=false, DELETE_KEY=false, UPDATABLE=true, INSERTABLE=true}, {SCHEMA_COLUMN=SOR_ID, UPDATE_KEY=false, DELETE_KEY=false, UPDATABLE=true, INSERTABLE=true}, {SCHEMA_COLUMN=DI_Job_ID, UPDATE_KEY=false, DELETE_KEY=false, UPDATABLE=true, INSERTABLE=true}, {SCHEMA_COLUMN=DI_Create_Date, UPDATE_KEY=false, DELETE_KEY=false, UPDATABLE=true, INSERTABLE=true}, {SCHEMA_COLUMN=DI_Modified_Date, UPDATE_KEY=false, DELETE_KEY=false, UPDATABLE=true, INSERTABLE=true}]"/>
          <column name="Use Hint Options" value="false"/>
          <column name="Hint Options" value="[]"/>
          <column name="Enable debug mode" value="false"/>
          <column name="Use duplicate key update mode insert" value="false"/>
          <column name="DUPLICATED_KEYS" value="[]"/>
          <column name="Support null in &quot;SQL WHERE&quot; statement" value="false"/>
          <column name="Label format" value="__TABLE__"/>
          <column name="Hint format" value="&lt;b&gt;__UNIQUE_NAME__&lt;/b&gt;&lt;br&gt;__COMMENT__"/>
          <column name="Connection format" value="row"/>
          <column name="Show Information" value="false"/>
          <column name="Comment" value=""/>
          <column name="Use an existing validation rule" value="false"/>
          <column name="Validation Rule Type" value=""/>
        </parameters>
        <schemas>
          <schema name="dim_schools">
            <column name="School_SK" key="true" type="int" length="10" precision="" nullable="false" comment=""/>
            <column name="School_Id" key="false" type="int" length="10" precision="" nullable="false" comment=""/>
            <column name="School_Number" key="false" type="Integer" length="10" precision="" nullable="true" comment=""/>
            <column name="CDE_School_Id" key="false" type="Integer" length="10" precision="" nullable="true" comment=""/>
            <column name="School_Name" key="false" type="String" length="250" precision="" nullable="true" comment=""/>
            <column name="School_Num_name" key="false" type="String" length="255" precision="" nullable="true" comment=""/>
            <column name="School_Name_Num" key="false" type="String" length="255" precision="" nullable="true" comment=""/>
            <column name="Status_Flag" key="false" type="String" length="1" precision="" nullable="true" comment=""/>
            <column name="District_Id" key="false" type="int" length="10" precision="" nullable="false" comment=""/>
            <column name="School_Address" key="false" type="String" length="255" precision="" nullable="true" comment=""/>
            <column name="geo_sk" key="false" type="Integer" length="10" precision="" nullable="true" comment=""/>
            <column name="School_Zip_Code" key="false" type="Integer" length="10" precision="" nullable="true" comment=""/>
            <column name="School_Latitude" key="false" type="Double" length="22" precision="" nullable="true" comment=""/>
            <column name="School_Longitude" key="false" type="Double" length="22" precision="" nullable="true" comment=""/>
            <column name="School_County" key="false" type="String" length="50" precision="" nullable="true" comment=""/>
            <column name="NumberOfStudents" key="false" type="Integer" length="10" precision="" nullable="true" comment=""/>
            <column name="Advisory_Group_Code" key="false" type="Integer" length="10" precision="" nullable="true" comment=""/>
            <column name="Advisory_Group_Name" key="false" type="String" length="80" precision="" nullable="true" comment=""/>
            <column name="Principal_Last_Name" key="false" type="String" length="80" precision="" nullable="true" comment=""/>
            <column name="Principal_First_Name" key="false" type="String" length="80" precision="" nullable="true" comment=""/>
            <column name="School_Type_ID" key="false" type="Integer" length="10" precision="" nullable="true" comment=""/>
            <column name="School_Type_Desc" key="false" type="String" length="50" precision="" nullable="true" comment=""/>
            <column name="School_Level_Code" key="false" type="Integer" length="10" precision="" nullable="true" comment=""/>
            <column name="ELA_School_Type" key="false" type="String" length="50" precision="" nullable="true" comment=""/>
            <column name="ELA_Service_Type" key="false" type="String" length="50" precision="" nullable="true" comment=""/>
            <column name="Minimum_Grade_Taught" key="false" type="String" length="2" precision="" nullable="true" comment=""/>
            <column name="Maximum_Grade_Taught" key="false" type="String" length="2" precision="" nullable="true" comment=""/>
            <column name="Title_I_Ind" key="false" type="String" length="50" precision="" nullable="true" comment=""/>
            <column name="Hard_to_Serve_Flag" key="false" type="Boolean" length="3" precision="" nullable="true" comment=""/>
            <column name="Alt_School_Flag" key="false" type="Boolean" length="3" precision="" nullable="true" comment=""/>
            <column name="Charter_School_Flag" key="false" type="Boolean" length="3" precision="" nullable="true" comment=""/>
            <column name="BR_Class" key="false" type="String" length="2" precision="" nullable="true" comment=""/>
            <column name="DPS_Flag" key="false" type="Boolean" length="3" precision="" nullable="true" comment=""/>
            <column name="CDE_School_Number" key="false" type="Integer" length="10" precision="" nullable="true" comment=""/>
            <column name="CDE_Minimum_Grade_Taught" key="false" type="String" length="10" precision="" nullable="true" comment=""/>
            <column name="CDE_Maximum_Grade_Taught" key="false" type="String" length="10" precision="" nullable="true" comment=""/>
            <column name="SOR_ID" key="false" type="int" length="10" precision="" nullable="false" comment=""/>
            <column name="DI_Job_ID" key="false" type="String" length="20" precision="" nullable="true" comment=""/>
            <column name="DI_Create_Date" key="false" type="java.util.Date" length="26" precision="" nullable="false" comment=""/>
            <column name="DI_Modified_Date" key="false" type="java.util.Date" length="26" precision="" nullable="false" comment=""/>
          </schema>
        </schemas>
      </component>
      <component icon="pictures/tDBOutput_2.png" uniqueName="tDBOutput_2" label="__TABLE__">
        <input link="tMap_1">tMap_1</input>
        <input link="tFileInputDelimited_1">tFileInputDelimited_1</input>
        <input link="tDBInput_2">tDBInput_2</input>
        <input link="tDBInput_3">tDBInput_3</input>
        <input link="tDBInput_4">tDBInput_4</input>
        <output>none</output>
        <componentType>tMysqlOutput</componentType>
        <parameters>
          <column name="Database" value="tMysqlOutput"/>
          <column name="Unique Name" value="tDBOutput_2"/>
          <column name="Component Name" value="tMysqlOutput"/>
          <column name="Version" value="0.102 (ALPHA)"/>
          <column name="Family" value="Databases/DB Specifics/MySQL"/>
          <column name="Startable" value="false"/>
          <column name="SUBTREE_START" value="false"/>
          <column name="END_OF_FLOW" value="true"/>
          <column name="Activate" value="true"/>
          <column name="DUMMY" value="false"/>
          <column name="tStatCatcher Statistics" value="false"/>
          <column name="Help" value="org.talend.help.tMysqlOutput"/>
          <column name="Update components" value="true"/>
          <column name="IREPORT_PATH" value=""/>
          <column name="JAVA_LIBRARY_PATH" value="C:\Program Files (x86)\Talend-Studio\studio\configuration\lib\java"/>
          <column name="Subjob color" value=""/>
          <column name="Title color" value=""/>
          <column name="Enable parallel execution" value="false"/>
          <column name="Number of parallel executions" value="2"/>
          <column name="PARALLELIZE_KEEP_EMPTY" value="false"/>
          <column name="Property Type" value="repository: DB (MYSQL):schools_dw"/>
          <column name="DB Version" value="MYSQL_8"/>
          <column name="Use an existing connection" value="false"/>
          <column name="Component List" value=""/>
          <column name="Database Driver" value="MYSQL"/>
          <column name="Host" value="&quot;localhost&quot;"/>
          <column name="Port" value="&quot;3306&quot;"/>
          <column name="Database" value="&quot;schools_dw&quot;"/>
          <column name="Username" value="&quot;root&quot;"/>
          <column name="Password" value="*********"/>
          <column name="Table" value="&quot;dim_geo&quot;"/>
          <column name="Action on table" value="NONE"/>
          <column name="Action on data" value="INSERT"/>
          <column name="REPOSITORY_ALLOW_AUTO_SWITCH" value="true"/>
          <column name="Schema" value="Built-In"/>
          <column name="Reject Schema" value="Built-In"/>
          <column name="Specify a data source alias" value="false"/>
          <column name="Data source alias" value="&quot;&quot;"/>
          <column name="Die on error" value="false"/>
          <column name="Mapping" value="mysql_id"/>
          <column name="Additional JDBC Parameters" value="&quot;noDatetimeStringSync=true&amp;useSSL=False&quot;"/>
          <column name="Extend Insert" value="true"/>
          <column name="Number of rows per insert" value="100"/>
          <column name="Use Batch Size" value="true"/>
          <column name="Batch Size" value="10000"/>
          <column name="Encoding" value="&quot;ISO-8859-15&quot;"/>
          <column name="Commit every" value="10000"/>
          <column name="Additional columns" value="[]"/>
          <column name="Use field options" value="false"/>
          <column name="Field options" value="[{SCHEMA_COLUMN=geo_sk, UPDATE_KEY=false, DELETE_KEY=false, UPDATABLE=true, INSERTABLE=true}, {SCHEMA_COLUMN=city, UPDATE_KEY=false, DELETE_KEY=false, UPDATABLE=true, INSERTABLE=true}, {SCHEMA_COLUMN=state, UPDATE_KEY=false, DELETE_KEY=false, UPDATABLE=true, INSERTABLE=true}, {SCHEMA_COLUMN=statecode, UPDATE_KEY=false, DELETE_KEY=false, UPDATABLE=true, INSERTABLE=true}, {SCHEMA_COLUMN=country, UPDATE_KEY=false, DELETE_KEY=false, UPDATABLE=true, INSERTABLE=true}, {SCHEMA_COLUMN=SOR_ID, UPDATE_KEY=false, DELETE_KEY=false, UPDATABLE=true, INSERTABLE=true}, {SCHEMA_COLUMN=DI_Job_ID, UPDATE_KEY=false, DELETE_KEY=false, UPDATABLE=true, INSERTABLE=true}, {SCHEMA_COLUMN=DI_Create_Date, UPDATE_KEY=false, DELETE_KEY=false, UPDATABLE=true, INSERTABLE=true}, {SCHEMA_COLUMN=DI_Modified_Date, UPDATE_KEY=false, DELETE_KEY=false, UPDATABLE=true, INSERTABLE=true}]"/>
          <column name="Use Hint Options" value="false"/>
          <column name="Hint Options" value="[]"/>
          <column name="Enable debug mode" value="false"/>
          <column name="Use duplicate key update mode insert" value="false"/>
          <column name="DUPLICATED_KEYS" value="[]"/>
          <column name="Support null in &quot;SQL WHERE&quot; statement" value="false"/>
          <column name="Label format" value="__TABLE__"/>
          <column name="Hint format" value="&lt;b&gt;__UNIQUE_NAME__&lt;/b&gt;&lt;br&gt;__COMMENT__"/>
          <column name="Connection format" value="row"/>
          <column name="Show Information" value="false"/>
          <column name="Comment" value=""/>
          <column name="Use an existing validation rule" value="false"/>
          <column name="Validation Rule Type" value=""/>
        </parameters>
        <schemas>
          <schema name="dim_geo">
            <column name="geo_sk" key="true" type="int" length="10" precision="" nullable="false" comment=""/>
            <column name="city" key="false" type="String" length="50" precision="" nullable="true" comment=""/>
            <column name="state" key="false" type="String" length="50" precision="" nullable="true" comment=""/>
            <column name="statecode" key="false" type="String" length="3" precision="" nullable="true" comment=""/>
            <column name="country" key="false" type="String" length="50" precision="" nullable="true" comment=""/>
            <column name="SOR_ID" key="false" type="int" length="10" precision="" nullable="false" comment=""/>
            <column name="DI_Job_ID" key="false" type="String" length="20" precision="" nullable="true" comment=""/>
            <column name="DI_Create_Date" key="false" type="java.util.Date" length="26" precision="" nullable="false" comment=""/>
            <column name="DI_Modified_Date" key="false" type="java.util.Date" length="26" precision="" nullable="false" comment=""/>
          </schema>
        </schemas>
      </component>
      <component icon="pictures/tFileInputDelimited_1.png" uniqueName="tFileInputDelimited_1" label="cde_school_crossref">
        <input>none</input>
        <output link="tMap_1">tMap_1</output>
        <componentType>tFileInputDelimited</componentType>
        <parameters>
          <column name="Unique Name" value="tFileInputDelimited_1"/>
          <column name="Component Name" value="tFileInputDelimited"/>
          <column name="Version" value="0.102 (ALPHA)"/>
          <column name="Family" value="File/Input"/>
          <column name="Start" value="false"/>
          <column name="Startable" value="true"/>
          <column name="SUBTREE_START" value="false"/>
          <column name="END_OF_FLOW" value="false"/>
          <column name="Activate" value="true"/>
          <column name="DUMMY" value="false"/>
          <column name="tStatCatcher Statistics" value="false"/>
          <column name="Help" value="org.talend.help.tFileInputDelimited"/>
          <column name="Update components" value="true"/>
          <column name="IREPORT_PATH" value=""/>
          <column name="JAVA_LIBRARY_PATH" value="C:\Program Files (x86)\Talend-Studio\studio\configuration\lib\java"/>
          <column name="Subjob color" value=""/>
          <column name="Title color" value=""/>
          <column name="Enable parallel execution" value="false"/>
          <column name="Number of parallel executions" value="2"/>
          <column name="PARALLELIZE_KEEP_EMPTY" value="false"/>
          <column name="Property Type" value="repository: DELIM:cde_school_crossref"/>
          <column name="REPOSITORY_ALLOW_AUTO_SWITCH" value="true"/>
          <column name="Schema" value="Built-In"/>
          <column name="File name/Stream" value="&quot;C:/Users/vaibh/OneDrive/Desktop/INFO7290/Project/cde_school_cross_ref.csv&quot;"/>
          <column name="CSV options" value="false"/>
          <column name="Row Separator" value="&quot;\n&quot;"/>
          <column name="CSV Row Separator" value="&quot;\n&quot;"/>
          <column name="Field Separator" value="&quot;,&quot;"/>
          <column name="Escape char" value="&quot;&quot;&quot;"/>
          <column name="Text enclosure" value="&quot;&quot;&quot;"/>
          <column name="Header" value="1"/>
          <column name="Footer" value="0"/>
          <column name="Limit" value=""/>
          <column name="Skip empty rows" value="false"/>
          <column name="Uncompress as zip file" value="false"/>
          <column name="Die on error" value="false"/>
          <column name="Schema" value="Built-In"/>
          <column name="!!!TEMP_DIR.NAME!!!" value="&quot;C:/Users/vaibh/workspace&quot;"/>
          <column name="Advanced separator (for numbers)" value="false"/>
          <column name="Thousands separator" value="&quot;,&quot;"/>
          <column name="Decimal separator" value="&quot;.&quot;"/>
          <column name="Extract lines at random" value="false"/>
          <column name="Number of lines" value="10"/>
          <column name="Trim all columns" value="false"/>
          <column name="Check column to trim" value="[{SCHEMA_COLUMN=School_Id, TRIM=false}, {SCHEMA_COLUMN=School_Number, TRIM=false}, {SCHEMA_COLUMN=CDE_School_Id, TRIM=false}, {SCHEMA_COLUMN=CDE_School_Number, TRIM=false}]"/>
          <column name="Check each row structure against schema" value="false"/>
          <column name="Check date" value="false"/>
          <column name="Encoding" value="&quot;UTF-8&quot;"/>
          <column name="Split row before field" value="false"/>
          <column name="Permit hexadecimal (0xNNN) or octal (0NNNN) for numeric types" value="false"/>
          <column name="Decode table" value="[{SCHEMA_COLUMN=School_Id, DECODE=false}, {SCHEMA_COLUMN=School_Number, DECODE=false}, {SCHEMA_COLUMN=CDE_School_Id, DECODE=false}, {SCHEMA_COLUMN=CDE_School_Number, DECODE=false}]"/>
          <column name="!!!DESTINATION.NAME!!!" value=""/>
          <column name="Min column number of optimize code" value="100"/>
          <column name="Label format" value="cde_school_crossref"/>
          <column name="Hint format" value="&lt;b&gt;__UNIQUE_NAME__&lt;/b&gt;&lt;br&gt;__COMMENT__"/>
          <column name="Connection format" value="row"/>
          <column name="Show Information" value="false"/>
          <column name="Comment" value=""/>
          <column name="Use an existing validation rule" value="false"/>
          <column name="Validation Rule Type" value=""/>
        </parameters>
        <schemas>
          <schema name="metadata">
            <column name="School_Id" key="true" type="Integer" length="" precision="" nullable="true" comment=""/>
            <column name="School_Number" key="false" type="Integer" length="" precision="" nullable="true" comment=""/>
            <column name="CDE_School_Id" key="false" type="Integer" length="" precision="" nullable="true" comment=""/>
            <column name="CDE_School_Number" key="false" type="Integer" length="" precision="" nullable="true" comment=""/>
          </schema>
        </schemas>
      </component>
    </internalNodeComponents>
    <externalNodeComponents>
      <component icon="pictures/tMap_1.png" uniqueName="tMap_1" label="__UNIQUE_NAME__" preview="pictures/external_preview_tMap_1.png">
        <input link="tMap_1">tMap_1</input>
        <input link="tFileInputDelimited_1">tFileInputDelimited_1</input>
        <input link="tDBInput_2">tDBInput_2</input>
        <input link="tDBInput_3">tDBInput_3</input>
        <input link="tDBInput_4">tDBInput_4</input>
        <output link="tDBOutput_1">tDBOutput_1</output>
        <output link="tDBOutput_2">tDBOutput_2</output>
        <componentType>tMap</componentType>
        <!--tMap_1-->
      </component>
    </externalNodeComponents>
    <connections>
      <connection label="row1" lineStyle="0" metaname="tDBInput_1" offsetLabelX="0" offsetLabelY="0" source="tDBInput_1" target="tMap_1"/>
      <connection label="se" lineStyle="0" metaname="se" offsetLabelX="0" offsetLabelY="0" source="tMap_1" target="tDBOutput_1"/>
      <connection label="se_geo" lineStyle="0" metaname="se_geo" offsetLabelX="0" offsetLabelY="0" source="tMap_1" target="tDBOutput_2"/>
      <connection label="row2" lineStyle="8" metaname="tFileInputDelimited_1" offsetLabelX="0" offsetLabelY="0" source="tFileInputDelimited_1" target="tMap_1"/>
      <connection label="row3" lineStyle="8" metaname="tDBInput_2" offsetLabelX="0" offsetLabelY="0" source="tDBInput_2" target="tMap_1"/>
      <connection label="row4" lineStyle="8" metaname="tDBInput_3" offsetLabelX="0" offsetLabelY="0" source="tDBInput_3" target="tMap_1"/>
      <connection label="row5" lineStyle="8" metaname="tDBInput_4" offsetLabelX="0" offsetLabelY="0" source="tDBInput_4" target="tMap_1"/>
    </connections>
  </job>
</project>
