<?xml version="1.1" encoding="UTF-8"?>

<project i18n.job.generated.documetation="Generated documentation" i18n.job.project.name="Project Name" i18n.job.generated.date="GENERATION DATE" i18n.job.author="AUTHOR" i18n.job.summary="Summary" i18n.job.project.description="Project Description" i18n.job.job.description="Description" i18n.job.job.preview.picture="Preview Picture" i18n.job.job.setting="Settings" i18n.job.context.list="Context List" i18n.job.component.list="Component List" i18n.job.components.description="Components Description" i18n.job.source.code="Source Code" i18n.job.properties="Properties" i18n.job.values="Values" i18n.job.name="Name" i18n.job.language="Language" i18n.job.description="Description" i18n.job.author.min="Author" i18n.job.version="Version" i18n.job.purpose="Purpose" i18n.job.status="Status" i18n.job.creation="Creation" i18n.job.modification="Modification" i18n.job.extract.settings="Extra settings" i18n.job.value="Value" i18n.job.stats.logs="Status &amp; Logs" i18n.job.context="Context" i18n.job.promt="Prompt" i18n.job.need.promt="Need Prompt?" i18n.job.type="Type" i18n.job.source="Source" i18n.job.component.name="Component Name" i18n.job.component.type="Component Type" i18n.job.component="Component" i18n.job.unique.name="UNIQUE NAME" i18n.job.input="INPUT(S)" i18n.job.label="LABEL" i18n.job.output="OUTPUT(S)" i18n.job.component.parameters="Component Parameters:" i18n.job.schema.for="Schema for " i18n.job.column="Column" i18n.job.key="Key" i18n.job.length="Length" i18n.job.precision="Precision" i18n.job.nullable="Nullable" i18n.job.comment="Comment" i18n.job.original.function.parameters="Original Function Parameters:" i18n.job.ended="ended" i18n.job.content="content" i18n.route.manifest.type="Type" i18n.route.manifest.value="Value" i18n.route.resource.name="Name" i18n.route.resource.version="Version" i18n.route.resource.path="Path" name="Project_DWBI" logo="pictures/logo.jpg" title="Generated by Talend Real-time Big Data Platform" link="http://www.talend.com" language="java" generatedDate="Dec 10, 2019 11:38:13 PM" versionName="Talend Real-time VERSION " version="7.1.1.20181026_1147" docType="Jobs" company="">
  <pro-description><![CDATA[]]></pro-description>
  <job name="schools_sw" author="user@talend.com" i18n.job.extract.settings.type="i18n.job.extract.settings" i18n.job.stats.logs.type="i18n.job.stats.logs" version="0.1" purpose="" status="" creation="Dec 10, 2019 5:52:21 AM" modification="Dec 10, 2019 8:42:33 PM">
    <description><![CDATA[<br/>]]></description>
    <preview picture="pictures/schools_sw_0.1.png"/>
    <contextList>
      <context name="Default"/>
    </contextList>
    <jobSetting>
      <extra>
        <jobParameter name="COMP_DEFAULT_FILE_DIR" value=""/>
        <jobParameter name="Multi thread execution" value="false"/>
        <jobParameter name="Implicit tContextLoad" value="false"/>
      </extra>
      <Statslogs>
        <jobParameter name="Use statistics (tStatCatcher)" value="false"/>
        <jobParameter name="Use logs (tLogCatcher)" value="false"/>
        <jobParameter name="Use volumetrics (tFlowMeterCatcher)" value="false"/>
        <jobParameter name="On Console" value="false"/>
        <jobParameter name="On Files" value="false"/>
        <jobParameter name="On Databases" value="false"/>
        <jobParameter name="Catch components statistics" value="false"/>
        <jobParameter name="Catch runtime errors" value="true"/>
        <jobParameter name="Catch user errors" value="true"/>
        <jobParameter name="Catch user warnings" value="true"/>
      </Statslogs>
    </jobSetting>
    <componentList>
      <componentItem name="tDBInput_1" link="tDBInput_1" type="tOracleInput" leftTopX="128" leftTopY="64" rightBottomX="160" rightBottomY="96"/>
      <componentItem name="tDBInput_2" link="tDBInput_2" type="tOracleInput" leftTopX="128" leftTopY="256" rightBottomX="160" rightBottomY="288"/>
      <componentItem name="tDBInput_3" link="tDBInput_3" type="tOracleInput" leftTopX="160" leftTopY="384" rightBottomX="192" rightBottomY="416"/>
      <componentItem name="tDBInput_4" link="tDBInput_4" type="tOracleInput" leftTopX="320" leftTopY="448" rightBottomX="352" rightBottomY="480"/>
      <componentItem name="tDBOutput_1" link="tDBOutput_1" type="tMysqlOutput" leftTopX="864" leftTopY="96" rightBottomX="896" rightBottomY="128"/>
      <componentItem name="tDBOutput_2" link="tDBOutput_2" type="tMysqlOutput" leftTopX="768" leftTopY="352" rightBottomX="800" rightBottomY="384"/>
      <componentItem name="tFileInputDelimited_1" link="tFileInputDelimited_1" type="tFileInputDelimited" leftTopX="64" leftTopY="160" rightBottomX="96" rightBottomY="192"/>
      <componentItem name="tMap_1" link="tMap_1" type="tMap" leftTopX="480" leftTopY="96" rightBottomX="512" rightBottomY="128"/>
    </componentList>
    <internalNodeComponents>
      <component icon="pictures/tDBInput_1.png" uniqueName="tDBInput_1" label="__TABLE__">
        <input>none</input>
        <output link="tMap_1">tMap_1</output>
        <componentType>tOracleInput</componentType>
        <parameters>
          <column name="Database" value="tOracleInput"/>
          <column name="Unique Name" value="tDBInput_1"/>
          <column name="Component Name" value="tOracleInput"/>
          <column name="Version" value="0.102 (ALPHA)"/>
          <column name="Family" value="Databases/DB Specifics/Oracle"/>
          <column name="Start" value="true"/>
          <column name="Startable" value="true"/>
          <column name="SUBTREE_START" value="true"/>
          <column name="END_OF_FLOW" value="false"/>
          <column name="Activate" value="true"/>
          <column name="DUMMY" value="false"/>
          <column name="tStatCatcher Statistics" value="false"/>
          <column name="Help" value="org.talend.help.tOracleInput"/>
          <column name="Update components" value="true"/>
          <column name="IREPORT_PATH" value=""/>
          <column name="JAVA_LIBRARY_PATH" value="C:\Program Files (x86)\Talend-Studio\studio\configuration\lib\java"/>
          <column name="Subjob color" value=""/>
          <column name="Title color" value=""/>
          <column name="Enable parallel execution" value="false"/>
          <column name="Number of parallel executions" value="2"/>
          <column name="PARALLELIZE_KEEP_EMPTY" value="false"/>
          <column name="Property Type" value="repository: DB (ORACLE_SID):schools_sw"/>
          <column name="Use an existing connection" value="false"/>
          <column name="Component List" value=""/>
          <column name="Connection Type" value="ORACLE_SID"/>
          <column name="DB Version" value="ORACLE_18"/>
          <column name="URL" value="&quot;localhost&quot;"/>
          <column name="Host" value="&quot;localhost&quot;"/>
          <column name="Database Driver" value="ORACLE_SID"/>
          <column name="Port" value="&quot;1521&quot;"/>
          <column name="Database" value="&quot;xe&quot;"/>
          <column name="Local Service Name" value="&quot;xe&quot;"/>
          <column name="Oracle schema" value="&quot;SCHOOLS_SW&quot;"/>
          <column name="Username" value="&quot;schools_sw&quot;"/>
          <column name="Password" value="************"/>
          <column name="URL" value="&quot;jdbc:oracle:oci:/@talend&quot;"/>
          <column name="REPOSITORY_ALLOW_AUTO_SWITCH" value="true"/>
          <column name="Schema" value="Built-In"/>
          <column name="Table Name" value="&quot;SCHOOLS_SW&quot;"/>
          <column name="Query Type" value="Built-In"/>
          <column name="Guess Schema" value="&quot;&quot;"/>
          <column name="Query" value="&quot;SELECT 
  SCHOOLS_SW.SCHOOLS_SW.SCHOOL_ID, 
  SCHOOLS_SW.SCHOOLS_SW.SCHOOL_NAME, 
  SCHOOLS_SW.SCHOOLS_SW.SCHOOL_NUM_NAME, 
  SCHOOLS_SW.SCHOOLS_SW.SCHOOL_NAME_NUM, 
  SCHOOLS_SW.SCHOOLS_SW.STATUS_FLAG, 
  SCHOOLS_SW.SCHOOLS_SW.DISTRICT_AREA_CODE, 
  SCHOOLS_SW.SCHOOLS_SW.ADDRESS, 
  SCHOOLS_SW.SCHOOLS_SW.CITY, 
  SCHOOLS_SW.SCHOOLS_SW.STATE, 
  SCHOOLS_SW.SCHOOLS_SW.ZIP_CODE, 
  SCHOOLS_SW.SCHOOLS_SW.LATITUDE, 
  SCHOOLS_SW.SCHOOLS_SW.LONGITUDE, 
  SCHOOLS_SW.SCHOOLS_SW.COUNTY, 
  SCHOOLS_SW.SCHOOLS_SW.NUMBEROFSTUDENTS, 
  SCHOOLS_SW.SCHOOLS_SW.ADVISORY_GROUP_CODE, 
  SCHOOLS_SW.SCHOOLS_SW.ADVISORY_GROUP_NAME, 
  SCHOOLS_SW.SCHOOLS_SW.PRINCIPAL_LAST_NAME, 
  SCHOOLS_SW.SCHOOLS_SW.PRINCIPAL_FIRST_NAME, 
  SCHOOLS_SW.SCHOOLS_SW.SCHOOL_TYPE_CODE, 
  SCHOOLS_SW.SCHOOLS_SW.SCHOOL_LEVEL_CODE, 
  SCHOOLS_SW.SCHOOLS_SW.ELA_SCHOOL_TYPE, 
  SCHOOLS_SW.SCHOOLS_SW.ELA_SERVICE_TYPE, 
  SCHOOLS_SW.SCHOOLS_SW.MINIMUM_GRADE_TAUGHT, 
  SCHOOLS_SW.SCHOOLS_SW.MAXIMUM_GRADE_TAUGHT, 
  SCHOOLS_SW.SCHOOLS_SW.TITLE_I_IND, 
  SCHOOLS_SW.SCHOOLS_SW.HARD_TO_SERVE_FLAG, 
  SCHOOLS_SW.SCHOOLS_SW.ALT_SCHOOL_FLAG, 
  SCHOOLS_SW.SCHOOLS_SW.CHARTER_SCHOOL_FLAG, 
  SCHOOLS_SW.SCHOOLS_SW.BR_CLASS, 
  SCHOOLS_SW.SCHOOLS_SW.DPS_FLAG, 
  SCHOOLS_SW.SCHOOLS_SW.CREATEDATE, 
  SCHOOLS_SW.SCHOOLS_SW.DI_JOB_ID, 
  SCHOOLS_SW.SCHOOLS_SW.DI_CREATE_DATE
FROM SCHOOLS_SW.SCHOOLS_SW&quot;"/>
          <column name="Specify a data source alias" value="false"/>
          <column name="Data source alias" value="&quot;&quot;"/>
          <column name="Mapping" value="oracle_id"/>
          <column name="Additional JDBC Parameters" value="&quot;useSSL=False&quot;"/>
          <column name="Convert XMLType To Java Type.(just when use extract() return a NODE)" value="false"/>
          <column name="CONVERT_XMLTYPE" value="[]"/>
          <column name="Encoding" value="&quot;ISO-8859-15&quot;"/>
          <column name="Use cursor" value="false"/>
          <column name="Cursor size" value="1000"/>
          <column name="Trim all the String/Char columns" value="false"/>
          <column name="Trim column" value="[{SCHEMA_COLUMN=SCHOOL_ID, TRIM=false}, {SCHEMA_COLUMN=SCHOOL_NAME, TRIM=false}, {SCHEMA_COLUMN=SCHOOL_NUM_NAME, TRIM=false}, {SCHEMA_COLUMN=SCHOOL_NAME_NUM, TRIM=false}, {SCHEMA_COLUMN=STATUS_FLAG, TRIM=false}, {SCHEMA_COLUMN=DISTRICT_AREA_CODE, TRIM=false}, {SCHEMA_COLUMN=ADDRESS, TRIM=false}, {SCHEMA_COLUMN=CITY, TRIM=false}, {SCHEMA_COLUMN=STATE, TRIM=false}, {SCHEMA_COLUMN=ZIP_CODE, TRIM=false}, {SCHEMA_COLUMN=LATITUDE, TRIM=false}, {SCHEMA_COLUMN=LONGITUDE, TRIM=false}, {SCHEMA_COLUMN=COUNTY, TRIM=false}, {SCHEMA_COLUMN=NUMBEROFSTUDENTS, TRIM=false}, {SCHEMA_COLUMN=ADVISORY_GROUP_CODE, TRIM=false}, {SCHEMA_COLUMN=ADVISORY_GROUP_NAME, TRIM=false}, {SCHEMA_COLUMN=PRINCIPAL_LAST_NAME, TRIM=false}, {SCHEMA_COLUMN=PRINCIPAL_FIRST_NAME, TRIM=false}, {SCHEMA_COLUMN=SCHOOL_TYPE_CODE, TRIM=false}, {SCHEMA_COLUMN=SCHOOL_LEVEL_CODE, TRIM=false}, {SCHEMA_COLUMN=ELA_SCHOOL_TYPE, TRIM=false}, {SCHEMA_COLUMN=ELA_SERVICE_TYPE, TRIM=false}, {SCHEMA_COLUMN=MINIMUM_GRADE_TAUGHT, TRIM=false}, {SCHEMA_COLUMN=MAXIMUM_GRADE_TAUGHT, TRIM=false}, {SCHEMA_COLUMN=TITLE_I_IND, TRIM=false}, {SCHEMA_COLUMN=HARD_TO_SERVE_FLAG, TRIM=false}, {SCHEMA_COLUMN=ALT_SCHOOL_FLAG, TRIM=false}, {SCHEMA_COLUMN=CHARTER_SCHOOL_FLAG, TRIM=false}, {SCHEMA_COLUMN=BR_CLASS, TRIM=false}, {SCHEMA_COLUMN=DPS_FLAG, TRIM=false}, {SCHEMA_COLUMN=CREATEDATE, TRIM=false}, {SCHEMA_COLUMN=DI_JOB_ID, TRIM=false}, {SCHEMA_COLUMN=DI_CREATE_DATE, TRIM=false}]"/>
          <column name="No null values" value="false"/>
          <column name="Label format" value="__TABLE__"/>
          <column name="Hint format" value="&lt;b&gt;__UNIQUE_NAME__&lt;/b&gt;&lt;br&gt;__COMMENT__"/>
          <column name="Connection format" value="row"/>
          <column name="Show Information" value="false"/>
          <column name="Comment" value=""/>
          <column name="Use an existing validation rule" value="false"/>
          <column name="Validation Rule Type" value=""/>
        </parameters>
        <schemas>
          <schema name="SCHOOLS_SW">
            <column name="SCHOOL_ID" key="true" type="Integer" length="10" precision="" nullable="true" comment=""/>
            <column name="SCHOOL_NAME" key="false" type="String" length="250" precision="" nullable="true" comment=""/>
            <column name="SCHOOL_NUM_NAME" key="false" type="String" length="255" precision="" nullable="true" comment=""/>
            <column name="SCHOOL_NAME_NUM" key="false" type="String" length="255" precision="" nullable="true" comment=""/>
            <column name="STATUS_FLAG" key="false" type="String" length="1" precision="" nullable="true" comment=""/>
            <column name="DISTRICT_AREA_CODE" key="false" type="String" length="2" precision="" nullable="true" comment=""/>
            <column name="ADDRESS" key="false" type="String" length="255" precision="" nullable="true" comment=""/>
            <column name="CITY" key="false" type="String" length="80" precision="" nullable="true" comment=""/>
            <column name="STATE" key="false" type="String" length="80" precision="" nullable="true" comment=""/>
            <column name="ZIP_CODE" key="false" type="Integer" length="10" precision="" nullable="true" comment=""/>
            <column name="LATITUDE" key="false" type="Double" length="28" precision="10" nullable="true" comment=""/>
            <column name="LONGITUDE" key="false" type="Double" length="28" precision="10" nullable="true" comment=""/>
            <column name="COUNTY" key="false" type="String" length="50" precision="" nullable="true" comment=""/>
            <column name="NUMBEROFSTUDENTS" key="false" type="Integer" length="10" precision="" nullable="true" comment=""/>
            <column name="ADVISORY_GROUP_CODE" key="false" type="Integer" length="10" precision="" nullable="true" comment=""/>
            <column name="ADVISORY_GROUP_NAME" key="false" type="String" length="80" precision="" nullable="true" comment=""/>
            <column name="PRINCIPAL_LAST_NAME" key="false" type="String" length="80" precision="" nullable="true" comment=""/>
            <column name="PRINCIPAL_FIRST_NAME" key="false" type="String" length="80" precision="" nullable="true" comment=""/>
            <column name="SCHOOL_TYPE_CODE" key="false" type="String" length="10" precision="" nullable="true" comment=""/>
            <column name="SCHOOL_LEVEL_CODE" key="false" type="Integer" length="10" precision="" nullable="true" comment=""/>
            <column name="ELA_SCHOOL_TYPE" key="false" type="String" length="50" precision="" nullable="true" comment=""/>
            <column name="ELA_SERVICE_TYPE" key="false" type="String" length="50" precision="" nullable="true" comment=""/>
            <column name="MINIMUM_GRADE_TAUGHT" key="false" type="String" length="2" precision="" nullable="true" comment=""/>
            <column name="MAXIMUM_GRADE_TAUGHT" key="false" type="String" length="2" precision="" nullable="true" comment=""/>
            <column name="TITLE_I_IND" key="false" type="String" length="50" precision="" nullable="true" comment=""/>
            <column name="HARD_TO_SERVE_FLAG" key="false" type="Boolean" length="1" precision="" nullable="true" comment=""/>
            <column name="ALT_SCHOOL_FLAG" key="false" type="Boolean" length="1" precision="" nullable="true" comment=""/>
            <column name="CHARTER_SCHOOL_FLAG" key="false" type="Boolean" length="1" precision="" nullable="true" comment=""/>
            <column name="BR_CLASS" key="false" type="String" length="2" precision="" nullable="true" comment=""/>
            <column name="DPS_FLAG" key="false" type="Boolean" length="1" precision="" nullable="true" comment=""/>
            <column name="CREATEDATE" key="false" type="java.util.Date" length="11" precision="3" nullable="true" comment=""/>
            <column name="DI_JOB_ID" key="false" type="String" length="20" precision="" nullable="true" comment=""/>
            <column name="DI_CREATE_DATE" key="false" type="java.util.Date" length="11" precision="3" nullable="true" comment=""/>
          </schema>
        </schemas>
      </component>
      <component icon="pictures/tDBInput_2.png" uniqueName="tDBInput_2" label="__TABLE__">
        <input>none</input>
        <output link="tMap_1">tMap_1</output>
        <componentType>tOracleInput</componentType>
        <parameters>
          <column name="Database" value="tOracleInput"/>
          <column name="Unique Name" value="tDBInput_2"/>
          <column name="Component Name" value="tOracleInput"/>
          <column name="Version" value="0.102 (ALPHA)"/>
          <column name="Family" value="Databases/DB Specifics/Oracle"/>
          <column name="Start" value="false"/>
          <column name="Startable" value="true"/>
          <column name="SUBTREE_START" value="false"/>
          <column name="END_OF_FLOW" value="false"/>
          <column name="Activate" value="true"/>
          <column name="DUMMY" value="false"/>
          <column name="tStatCatcher Statistics" value="false"/>
          <column name="Help" value="org.talend.help.tOracleInput"/>
          <column name="Update components" value="true"/>
          <column name="IREPORT_PATH" value=""/>
          <column name="JAVA_LIBRARY_PATH" value="C:\Program Files (x86)\Talend-Studio\studio\configuration\lib\java"/>
          <column name="Subjob color" value=""/>
          <column name="Title color" value=""/>
          <column name="Enable parallel execution" value="false"/>
          <column name="Number of parallel executions" value="2"/>
          <column name="PARALLELIZE_KEEP_EMPTY" value="false"/>
          <column name="Property Type" value="repository: DB (ORACLE_SID):schools_sw"/>
          <column name="Use an existing connection" value="false"/>
          <column name="Component List" value=""/>
          <column name="Connection Type" value="ORACLE_SID"/>
          <column name="DB Version" value="ORACLE_18"/>
          <column name="URL" value="&quot;localhost&quot;"/>
          <column name="Host" value="&quot;localhost&quot;"/>
          <column name="Database Driver" value="ORACLE_SID"/>
          <column name="Port" value="&quot;1521&quot;"/>
          <column name="Database" value="&quot;xe&quot;"/>
          <column name="Local Service Name" value="&quot;xe&quot;"/>
          <column name="Oracle schema" value="&quot;SCHOOLS_SW&quot;"/>
          <column name="Username" value="&quot;schools_sw&quot;"/>
          <column name="Password" value="************"/>
          <column name="URL" value="&quot;jdbc:oracle:oci:/@talend&quot;"/>
          <column name="REPOSITORY_ALLOW_AUTO_SWITCH" value="true"/>
          <column name="Schema" value="Built-In"/>
          <column name="Table Name" value="&quot;CDE_SCHOOL&quot;"/>
          <column name="Query Type" value="Built-In"/>
          <column name="Guess Schema" value="&quot;&quot;"/>
          <column name="Query" value="&quot;SELECT 
  SCHOOLS_SW.CDE_SCHOOL.CDE_SCHOOL_ID, 
  SCHOOLS_SW.CDE_SCHOOL.CDE_SCHOOL_NUMBER, 
  SCHOOLS_SW.CDE_SCHOOL.CDE_MINIMUM_GRADE_TAUGHT, 
  SCHOOLS_SW.CDE_SCHOOL.CDE_MAXIMUM_GRADE_TAUGHT, 
  SCHOOLS_SW.CDE_SCHOOL.DI_JOB_ID, 
  SCHOOLS_SW.CDE_SCHOOL.DI_CREATE_DATE
FROM SCHOOLS_SW.CDE_SCHOOL&quot;"/>
          <column name="Specify a data source alias" value="false"/>
          <column name="Data source alias" value="&quot;&quot;"/>
          <column name="Mapping" value="oracle_id"/>
          <column name="Additional JDBC Parameters" value="&quot;useSSL=False&quot;"/>
          <column name="Convert XMLType To Java Type.(just when use extract() return a NODE)" value="false"/>
          <column name="CONVERT_XMLTYPE" value="[]"/>
          <column name="Encoding" value="&quot;ISO-8859-15&quot;"/>
          <column name="Use cursor" value="false"/>
          <column name="Cursor size" value="1000"/>
          <column name="Trim all the String/Char columns" value="false"/>
          <column name="Trim column" value="[{SCHEMA_COLUMN=CDE_SCHOOL_ID, TRIM=false}, {SCHEMA_COLUMN=CDE_SCHOOL_NUMBER, TRIM=false}, {SCHEMA_COLUMN=CDE_MINIMUM_GRADE_TAUGHT, TRIM=false}, {SCHEMA_COLUMN=CDE_MAXIMUM_GRADE_TAUGHT, TRIM=false}, {SCHEMA_COLUMN=DI_JOB_ID, TRIM=false}, {SCHEMA_COLUMN=DI_CREATE_DATE, TRIM=false}]"/>
          <column name="No null values" value="false"/>
          <column name="Label format" value="__TABLE__"/>
          <column name="Hint format" value="&lt;b&gt;__UNIQUE_NAME__&lt;/b&gt;&lt;br&gt;__COMMENT__"/>
          <column name="Connection format" value="row"/>
          <column name="Show Information" value="false"/>
          <column name="Comment" value=""/>
          <column name="Use an existing validation rule" value="false"/>
          <column name="Validation Rule Type" value=""/>
        </parameters>
        <schemas>
          <schema name="CDE_SCHOOL">
            <column name="CDE_SCHOOL_ID" key="false" type="Integer" length="10" precision="" nullable="true" comment=""/>
            <column name="CDE_SCHOOL_NUMBER" key="false" type="String" length="10" precision="" nullable="true" comment=""/>
            <column name="CDE_MINIMUM_GRADE_TAUGHT" key="false" type="String" length="10" precision="" nullable="true" comment=""/>
            <column name="CDE_MAXIMUM_GRADE_TAUGHT" key="false" type="String" length="10" precision="" nullable="true" comment=""/>
            <column name="DI_JOB_ID" key="false" type="String" length="20" precision="" nullable="true" comment=""/>
            <column name="DI_CREATE_DATE" key="false" type="java.util.Date" length="11" precision="3" nullable="true" comment=""/>
          </schema>
        </schemas>
      </component>
      <component icon="pictures/tDBInput_3.png" uniqueName="tDBInput_3" label="__TABLE__">
        <input>none</input>
        <output link="tMap_1">tMap_1</output>
        <componentType>tOracleInput</componentType>
        <parameters>
          <column name="Database" value="tOracleInput"/>
          <column name="Unique Name" value="tDBInput_3"/>
          <column name="Component Name" value="tOracleInput"/>
          <column name="Version" value="0.102 (ALPHA)"/>
          <column name="Family" value="Databases/DB Specifics/Oracle"/>
          <column name="Start" value="false"/>
          <column name="Startable" value="true"/>
          <column name="SUBTREE_START" value="false"/>
          <column name="END_OF_FLOW" value="false"/>
          <column name="Activate" value="true"/>
          <column name="DUMMY" value="false"/>
          <column name="tStatCatcher Statistics" value="false"/>
          <column name="Help" value="org.talend.help.tOracleInput"/>
          <column name="Update components" value="true"/>
          <column name="IREPORT_PATH" value=""/>
          <column name="JAVA_LIBRARY_PATH" value="C:\Program Files (x86)\Talend-Studio\studio\configuration\lib\java"/>
          <column name="Subjob color" value=""/>
          <column name="Title color" value=""/>
          <column name="Enable parallel execution" value="false"/>
          <column name="Number of parallel executions" value="2"/>
          <column name="PARALLELIZE_KEEP_EMPTY" value="false"/>
          <column name="Property Type" value="repository: DB (ORACLE_SID):schools_sw"/>
          <column name="Use an existing connection" value="false"/>
          <column name="Component List" value=""/>
          <column name="Connection Type" value="ORACLE_SID"/>
          <column name="DB Version" value="ORACLE_18"/>
          <column name="URL" value="&quot;localhost&quot;"/>
          <column name="Host" value="&quot;localhost&quot;"/>
          <column name="Database Driver" value="ORACLE_SID"/>
          <column name="Port" value="&quot;1521&quot;"/>
          <column name="Database" value="&quot;xe&quot;"/>
          <column name="Local Service Name" value="&quot;xe&quot;"/>
          <column name="Oracle schema" value="&quot;SCHOOLS_SW&quot;"/>
          <column name="Username" value="&quot;schools_sw&quot;"/>
          <column name="Password" value="************"/>
          <column name="URL" value="&quot;jdbc:oracle:oci:/@talend&quot;"/>
          <column name="REPOSITORY_ALLOW_AUTO_SWITCH" value="true"/>
          <column name="Schema" value="Built-In"/>
          <column name="Table Name" value="&quot;SCHOOL_DISTRICT&quot;"/>
          <column name="Query Type" value="Built-In"/>
          <column name="Guess Schema" value="&quot;&quot;"/>
          <column name="Query" value="&quot;SELECT 
  SCHOOLS_SW.SCHOOL_DISTRICT.DISTRICT_ID, 
  SCHOOLS_SW.SCHOOL_DISTRICT.DISTRICT_AREA_CODE, 
  SCHOOLS_SW.SCHOOL_DISTRICT.DISTRICT_AREA_NAME, 
  SCHOOLS_SW.SCHOOL_DISTRICT.DI_JOB_ID, 
  SCHOOLS_SW.SCHOOL_DISTRICT.DI_CREATE_DATE
FROM SCHOOLS_SW.SCHOOL_DISTRICT&quot;"/>
          <column name="Specify a data source alias" value="false"/>
          <column name="Data source alias" value="&quot;&quot;"/>
          <column name="Mapping" value="oracle_id"/>
          <column name="Additional JDBC Parameters" value="&quot;useSSL=False&quot;"/>
          <column name="Convert XMLType To Java Type.(just when use extract() return a NODE)" value="false"/>
          <column name="CONVERT_XMLTYPE" value="[]"/>
          <column name="Encoding" value="&quot;ISO-8859-15&quot;"/>
          <column name="Use cursor" value="false"/>
          <column name="Cursor size" value="1000"/>
          <column name="Trim all the String/Char columns" value="false"/>
          <column name="Trim column" value="[{SCHEMA_COLUMN=DISTRICT_ID, TRIM=false}, {SCHEMA_COLUMN=DISTRICT_AREA_CODE, TRIM=false}, {SCHEMA_COLUMN=DISTRICT_AREA_NAME, TRIM=false}, {SCHEMA_COLUMN=DI_JOB_ID, TRIM=false}, {SCHEMA_COLUMN=DI_CREATE_DATE, TRIM=false}]"/>
          <column name="No null values" value="false"/>
          <column name="Label format" value="__TABLE__"/>
          <column name="Hint format" value="&lt;b&gt;__UNIQUE_NAME__&lt;/b&gt;&lt;br&gt;__COMMENT__"/>
          <column name="Connection format" value="row"/>
          <column name="Show Information" value="false"/>
          <column name="Comment" value=""/>
          <column name="Use an existing validation rule" value="false"/>
          <column name="Validation Rule Type" value=""/>
        </parameters>
        <schemas>
          <schema name="SCHOOL_DISTRICT">
            <column name="DISTRICT_ID" key="false" type="Integer" length="10" precision="" nullable="true" comment=""/>
            <column name="DISTRICT_AREA_CODE" key="false" type="String" length="2" precision="" nullable="true" comment=""/>
            <column name="DISTRICT_AREA_NAME" key="false" type="String" length="100" precision="" nullable="true" comment=""/>
            <column name="DI_JOB_ID" key="false" type="String" length="20" precision="" nullable="true" comment=""/>
            <column name="DI_CREATE_DATE" key="false" type="java.util.Date" length="11" precision="3" nullable="true" comment=""/>
          </schema>
        </schemas>
      </component>
      <component icon="pictures/tDBInput_4.png" uniqueName="tDBInput_4" label="__TABLE__">
        <input>none</input>
        <output link="tMap_1">tMap_1</output>
        <componentType>tOracleInput</componentType>
        <parameters>
          <column name="Database" value="tOracleInput"/>
          <column name="Unique Name" value="tDBInput_4"/>
          <column name="Component Name" value="tOracleInput"/>
          <column name="Version" value="0.102 (ALPHA)"/>
          <column name="Family" value="Databases/DB Specifics/Oracle"/>
          <column name="Start" value="false"/>
          <column name="Startable" value="true"/>
          <column name="SUBTREE_START" value="false"/>
          <column name="END_OF_FLOW" value="false"/>
          <column name="Activate" value="true"/>
          <column name="DUMMY" value="false"/>
          <column name="tStatCatcher Statistics" value="false"/>
          <column name="Help" value="org.talend.help.tOracleInput"/>
          <column name="Update components" value="true"/>
          <column name="IREPORT_PATH" value=""/>
          <column name="JAVA_LIBRARY_PATH" value="C:\Program Files (x86)\Talend-Studio\studio\configuration\lib\java"/>
          <column name="Subjob color" value=""/>
          <column name="Title color" value=""/>
          <column name="Enable parallel execution" value="false"/>
          <column name="Number of parallel executions" value="2"/>
          <column name="PARALLELIZE_KEEP_EMPTY" value="false"/>
          <column name="Property Type" value="repository: DB (ORACLE_SID):schools_sw"/>
          <column name="Use an existing connection" value="false"/>
          <column name="Component List" value=""/>
          <column name="Connection Type" value="ORACLE_SID"/>
          <column name="DB Version" value="ORACLE_18"/>
          <column name="URL" value="&quot;localhost&quot;"/>
          <column name="Host" value="&quot;localhost&quot;"/>
          <column name="Database Driver" value="ORACLE_SID"/>
          <column name="Port" value="&quot;1521&quot;"/>
          <column name="Database" value="&quot;xe&quot;"/>
          <column name="Local Service Name" value="&quot;xe&quot;"/>
          <column name="Oracle schema" value="&quot;SCHOOLS_SW&quot;"/>
          <column name="Username" value="&quot;schools_sw&quot;"/>
          <column name="Password" value="************"/>
          <column name="URL" value="&quot;jdbc:oracle:oci:/@talend&quot;"/>
          <column name="REPOSITORY_ALLOW_AUTO_SWITCH" value="true"/>
          <column name="Schema" value="Built-In"/>
          <column name="Table Name" value="&quot;SCHOOL_TYPE&quot;"/>
          <column name="Query Type" value="Built-In"/>
          <column name="Guess Schema" value="&quot;&quot;"/>
          <column name="Query" value="&quot;SELECT 
  SCHOOLS_SW.SCHOOL_TYPE.SCHOOL_TYPE_ID, 
  SCHOOLS_SW.SCHOOL_TYPE.SCHOOL_TYPE_CODE, 
  SCHOOLS_SW.SCHOOL_TYPE.DESCRIPTION, 
  SCHOOLS_SW.SCHOOL_TYPE.DI_JOB_ID, 
  SCHOOLS_SW.SCHOOL_TYPE.DI_CREATE_DATE
FROM SCHOOLS_SW.SCHOOL_TYPE&quot;"/>
          <column name="Specify a data source alias" value="false"/>
          <column name="Data source alias" value="&quot;&quot;"/>
          <column name="Mapping" value="oracle_id"/>
          <column name="Additional JDBC Parameters" value="&quot;useSSL=False&quot;"/>
          <column name="Convert XMLType To Java Type.(just when use extract() return a NODE)" value="false"/>
          <column name="CONVERT_XMLTYPE" value="[]"/>
          <column name="Encoding" value="&quot;ISO-8859-15&quot;"/>
          <column name="Use cursor" value="false"/>
          <column name="Cursor size" value="1000"/>
          <column name="Trim all the String/Char columns" value="false"/>
          <column name="Trim column" value="[{SCHEMA_COLUMN=SCHOOL_TYPE_ID, TRIM=false}, {SCHEMA_COLUMN=SCHOOL_TYPE_CODE, TRIM=false}, {SCHEMA_COLUMN=DESCRIPTION, TRIM=false}, {SCHEMA_COLUMN=DI_JOB_ID, TRIM=false}, {SCHEMA_COLUMN=DI_CREATE_DATE, TRIM=false}]"/>
          <column name="No null values" value="false"/>
          <column name="Label format" value="__TABLE__"/>
          <column name="Hint format" value="&lt;b&gt;__UNIQUE_NAME__&lt;/b&gt;&lt;br&gt;__COMMENT__"/>
          <column name="Connection format" value="row"/>
          <column name="Show Information" value="false"/>
          <column name="Comment" value=""/>
          <column name="Use an existing validation rule" value="false"/>
          <column name="Validation Rule Type" value=""/>
        </parameters>
        <schemas>
          <schema name="SCHOOL_TYPE">
            <column name="SCHOOL_TYPE_ID" key="false" type="Integer" length="10" precision="" nullable="true" comment=""/>
            <column name="SCHOOL_TYPE_CODE" key="false" type="String" length="10" precision="" nullable="true" comment=""/>
            <column name="DESCRIPTION" key="false" type="String" length="250" precision="" nullable="true" comment=""/>
            <column name="DI_JOB_ID" key="false" type="String" length="20" precision="" nullable="true" comment=""/>
            <column name="DI_CREATE_DATE" key="false" type="java.util.Date" length="11" precision="3" nullable="true" comment=""/>
          </schema>
        </schemas>
      </component>
      <component icon="pictures/tDBOutput_1.png" uniqueName="tDBOutput_1" label="__TABLE__">
        <input link="tMap_1">tMap_1</input>
        <output>none</output>
        <componentType>tMysqlOutput</componentType>
        <parameters>
          <column name="Database" value="tMysqlOutput"/>
          <column name="Unique Name" value="tDBOutput_1"/>
          <column name="Component Name" value="tMysqlOutput"/>
          <column name="Version" value="0.102 (ALPHA)"/>
          <column name="Family" value="Databases/DB Specifics/MySQL"/>
          <column name="Startable" value="false"/>
          <column name="SUBTREE_START" value="false"/>
          <column name="END_OF_FLOW" value="true"/>
          <column name="Activate" value="true"/>
          <column name="DUMMY" value="false"/>
          <column name="tStatCatcher Statistics" value="false"/>
          <column name="Help" value="org.talend.help.tMysqlOutput"/>
          <column name="Update components" value="true"/>
          <column name="IREPORT_PATH" value=""/>
          <column name="JAVA_LIBRARY_PATH" value="C:\Program Files (x86)\Talend-Studio\studio\configuration\lib\java"/>
          <column name="Subjob color" value=""/>
          <column name="Title color" value=""/>
          <column name="Enable parallel execution" value="false"/>
          <column name="Number of parallel executions" value="2"/>
          <column name="PARALLELIZE_KEEP_EMPTY" value="false"/>
          <column name="Property Type" value="repository: DB (MYSQL):schools_dw"/>
          <column name="DB Version" value="MYSQL_8"/>
          <column name="Use an existing connection" value="false"/>
          <column name="Component List" value=""/>
          <column name="Database Driver" value="MYSQL"/>
          <column name="Host" value="&quot;localhost&quot;"/>
          <column name="Port" value="&quot;3306&quot;"/>
          <column name="Database" value="&quot;schools_dw&quot;"/>
          <column name="Username" value="&quot;root&quot;"/>
          <column name="Password" value="*********"/>
          <column name="Table" value="&quot;dim_schools&quot;"/>
          <column name="Action on table" value="NONE"/>
          <column name="Action on data" value="REPLACE"/>
          <column name="REPOSITORY_ALLOW_AUTO_SWITCH" value="true"/>
          <column name="Schema" value="Built-In"/>
          <column name="Reject Schema" value="Built-In"/>
          <column name="Specify a data source alias" value="false"/>
          <column name="Data source alias" value="&quot;&quot;"/>
          <column name="Die on error" value="false"/>
          <column name="Mapping" value="mysql_id"/>
          <column name="Additional JDBC Parameters" value="&quot;noDatetimeStringSync=true&amp;useSSL=False&quot;"/>
          <column name="Extend Insert" value="true"/>
          <column name="Number of rows per insert" value="100"/>
          <column name="Use Batch Size" value="true"/>
          <column name="Batch Size" value="10000"/>
          <column name="Encoding" value="&quot;ISO-8859-15&quot;"/>
          <column name="Commit every" value="10000"/>
          <column name="Additional columns" value="[]"/>
          <column name="Use field options" value="false"/>
          <column name="Field options" value="[{SCHEMA_COLUMN=School_SK, UPDATE_KEY=false, DELETE_KEY=false, UPDATABLE=true, INSERTABLE=true}, {SCHEMA_COLUMN=School_Id, UPDATE_KEY=false, DELETE_KEY=false, UPDATABLE=true, INSERTABLE=true}, {SCHEMA_COLUMN=School_Number, UPDATE_KEY=false, DELETE_KEY=false, UPDATABLE=true, INSERTABLE=true}, {SCHEMA_COLUMN=CDE_School_Id, UPDATE_KEY=false, DELETE_KEY=false, UPDATABLE=true, INSERTABLE=true}, {SCHEMA_COLUMN=School_Name, UPDATE_KEY=false, DELETE_KEY=false, UPDATABLE=true, INSERTABLE=true}, {SCHEMA_COLUMN=School_Num_name, UPDATE_KEY=false, DELETE_KEY=false, UPDATABLE=true, INSERTABLE=true}, {SCHEMA_COLUMN=School_Name_Num, UPDATE_KEY=false, DELETE_KEY=false, UPDATABLE=true, INSERTABLE=true}, {SCHEMA_COLUMN=Status_Flag, UPDATE_KEY=false, DELETE_KEY=false, UPDATABLE=true, INSERTABLE=true}, {SCHEMA_COLUMN=District_Id, UPDATE_KEY=false, DELETE_KEY=false, UPDATABLE=true, INSERTABLE=true}, {SCHEMA_COLUMN=School_Address, UPDATE_KEY=false, DELETE_KEY=false, UPDATABLE=true, INSERTABLE=true}, {SCHEMA_COLUMN=geo_sk, UPDATE_KEY=false, DELETE_KEY=false, UPDATABLE=true, INSERTABLE=true}, {SCHEMA_COLUMN=School_Zip_Code, UPDATE_KEY=false, DELETE_KEY=false, UPDATABLE=true, INSERTABLE=true}, {SCHEMA_COLUMN=School_Latitude, UPDATE_KEY=false, DELETE_KEY=false, UPDATABLE=true, INSERTABLE=true}, {SCHEMA_COLUMN=School_Longitude, UPDATE_KEY=false, DELETE_KEY=false, UPDATABLE=true, INSERTABLE=true}, {SCHEMA_COLUMN=School_County, UPDATE_KEY=false, DELETE_KEY=false, UPDATABLE=true, INSERTABLE=true}, {SCHEMA_COLUMN=NumberOfStudents, UPDATE_KEY=false, DELETE_KEY=false, UPDATABLE=true, INSERTABLE=true}, {SCHEMA_COLUMN=Advisory_Group_Code, UPDATE_KEY=false, DELETE_KEY=false, UPDATABLE=true, INSERTABLE=true}, {SCHEMA_COLUMN=Advisory_Group_Name, UPDATE_KEY=false, DELETE_KEY=false, UPDATABLE=true, INSERTABLE=true}, {SCHEMA_COLUMN=Principal_Last_Name, UPDATE_KEY=false, DELETE_KEY=false, UPDATABLE=true, INSERTABLE=true}, {SCHEMA_COLUMN=Principal_First_Name, UPDATE_KEY=false, DELETE_KEY=false, UPDATABLE=true, INSERTABLE=true}, {SCHEMA_COLUMN=School_Type_ID, UPDATE_KEY=false, DELETE_KEY=false, UPDATABLE=true, INSERTABLE=true}, {SCHEMA_COLUMN=School_Type_Desc, UPDATE_KEY=false, DELETE_KEY=false, UPDATABLE=true, INSERTABLE=true}, {SCHEMA_COLUMN=School_Level_Code, UPDATE_KEY=false, DELETE_KEY=false, UPDATABLE=true, INSERTABLE=true}, {SCHEMA_COLUMN=ELA_School_Type, UPDATE_KEY=false, DELETE_KEY=false, UPDATABLE=true, INSERTABLE=true}, {SCHEMA_COLUMN=ELA_Service_Type, UPDATE_KEY=false, DELETE_KEY=false, UPDATABLE=true, INSERTABLE=true}, {SCHEMA_COLUMN=Minimum_Grade_Taught, UPDATE_KEY=false, DELETE_KEY=false, UPDATABLE=true, INSERTABLE=true}, {SCHEMA_COLUMN=Maximum_Grade_Taught, UPDATE_KEY=false, DELETE_KEY=false, UPDATABLE=true, INSERTABLE=true}, {SCHEMA_COLUMN=Title_I_Ind, UPDATE_KEY=false, DELETE_KEY=false, UPDATABLE=true, INSERTABLE=true}, {SCHEMA_COLUMN=Hard_to_Serve_Flag, UPDATE_KEY=false, DELETE_KEY=false, UPDATABLE=true, INSERTABLE=true}, {SCHEMA_COLUMN=Alt_School_Flag, UPDATE_KEY=false, DELETE_KEY=false, UPDATABLE=true, INSERTABLE=true}, {SCHEMA_COLUMN=Charter_School_Flag, UPDATE_KEY=false, DELETE_KEY=false, UPDATABLE=true, INSERTABLE=true}, {SCHEMA_COLUMN=BR_Class, UPDATE_KEY=false, DELETE_KEY=false, UPDATABLE=true, INSERTABLE=true}, {SCHEMA_COLUMN=DPS_Flag, UPDATE_KEY=false, DELETE_KEY=false, UPDATABLE=true, INSERTABLE=true}, {SCHEMA_COLUMN=CDE_School_Number, UPDATE_KEY=false, DELETE_KEY=false, UPDATABLE=true, INSERTABLE=true}, {SCHEMA_COLUMN=CDE_Minimum_Grade_Taught, UPDATE_KEY=false, DELETE_KEY=false, UPDATABLE=true, INSERTABLE=true}, {SCHEMA_COLUMN=CDE_Maximum_Grade_Taught, UPDATE_KEY=false, DELETE_KEY=false, UPDATABLE=true, INSERTABLE=true}, {SCHEMA_COLUMN=SOR_ID, UPDATE_KEY=false, DELETE_KEY=false, UPDATABLE=true, INSERTABLE=true}, {SCHEMA_COLUMN=DI_Job_ID, UPDATE_KEY=false, DELETE_KEY=false, UPDATABLE=true, INSERTABLE=true}, {SCHEMA_COLUMN=DI_Create_Date, UPDATE_KEY=false, DELETE_KEY=false, UPDATABLE=true, INSERTABLE=true}, {SCHEMA_COLUMN=DI_Modified_Date, UPDATE_KEY=false, DELETE_KEY=false, UPDATABLE=true, INSERTABLE=true}]"/>
          <column name="Use Hint Options" value="false"/>
          <column name="Hint Options" value="[]"/>
          <column name="Enable debug mode" value="false"/>
          <column name="Use duplicate key update mode insert" value="false"/>
          <column name="DUPLICATED_KEYS" value="[]"/>
          <column name="Support null in &quot;SQL WHERE&quot; statement" value="false"/>
          <column name="Label format" value="__TABLE__"/>
          <column name="Hint format" value="&lt;b&gt;__UNIQUE_NAME__&lt;/b&gt;&lt;br&gt;__COMMENT__"/>
          <column name="Connection format" value="row"/>
          <column name="Show Information" value="false"/>
          <column name="Comment" value=""/>
          <column name="Use an existing validation rule" value="false"/>
          <column name="Validation Rule Type" value=""/>
        </parameters>
        <schemas>
          <schema name="dim_schools">
            <column name="School_SK" key="true" type="int" length="10" precision="" nullable="false" comment=""/>
            <column name="School_Id" key="false" type="int" length="10" precision="" nullable="false" comment=""/>
            <column name="School_Number" key="false" type="Integer" length="10" precision="" nullable="true" comment=""/>
            <column name="CDE_School_Id" key="false" type="Integer" length="10" precision="" nullable="true" comment=""/>
            <column name="School_Name" key="false" type="String" length="250" precision="" nullable="true" comment=""/>
            <column name="School_Num_name" key="false" type="String" length="255" precision="" nullable="true" comment=""/>
            <column name="School_Name_Num" key="false" type="String" length="255" precision="" nullable="true" comment=""/>
            <column name="Status_Flag" key="false" type="String" length="1" precision="" nullable="true" comment=""/>
            <column name="District_Id" key="false" type="int" length="10" precision="" nullable="false" comment=""/>
            <column name="School_Address" key="false" type="String" length="255" precision="" nullable="true" comment=""/>
            <column name="geo_sk" key="false" type="Integer" length="10" precision="" nullable="true" comment=""/>
            <column name="School_Zip_Code" key="false" type="Integer" length="10" precision="" nullable="true" comment=""/>
            <column name="School_Latitude" key="false" type="Double" length="22" precision="" nullable="true" comment=""/>
            <column name="School_Longitude" key="false" type="Double" length="22" precision="" nullable="true" comment=""/>
            <column name="School_County" key="false" type="String" length="50" precision="" nullable="true" comment=""/>
            <column name="NumberOfStudents" key="false" type="Integer" length="10" precision="" nullable="true" comment=""/>
            <column name="Advisory_Group_Code" key="false" type="Integer" length="10" precision="" nullable="true" comment=""/>
            <column name="Advisory_Group_Name" key="false" type="String" length="80" precision="" nullable="true" comment=""/>
            <column name="Principal_Last_Name" key="false" type="String" length="80" precision="" nullable="true" comment=""/>
            <column name="Principal_First_Name" key="false" type="String" length="80" precision="" nullable="true" comment=""/>
            <column name="School_Type_ID" key="false" type="Integer" length="10" precision="" nullable="true" comment=""/>
            <column name="School_Type_Desc" key="false" type="String" length="50" precision="" nullable="true" comment=""/>
            <column name="School_Level_Code" key="false" type="Integer" length="10" precision="" nullable="true" comment=""/>
            <column name="ELA_School_Type" key="false" type="String" length="50" precision="" nullable="true" comment=""/>
            <column name="ELA_Service_Type" key="false" type="String" length="50" precision="" nullable="true" comment=""/>
            <column name="Minimum_Grade_Taught" key="false" type="String" length="2" precision="" nullable="true" comment=""/>
            <column name="Maximum_Grade_Taught" key="false" type="String" length="2" precision="" nullable="true" comment=""/>
            <column name="Title_I_Ind" key="false" type="String" length="50" precision="" nullable="true" comment=""/>
            <column name="Hard_to_Serve_Flag" key="false" type="Boolean" length="3" precision="" nullable="true" comment=""/>
            <column name="Alt_School_Flag" key="false" type="Boolean" length="3" precision="" nullable="true" comment=""/>
            <column name="Charter_School_Flag" key="false" type="Boolean" length="3" precision="" nullable="true" comment=""/>
            <column name="BR_Class" key="false" type="String" length="2" precision="" nullable="true" comment=""/>
            <column name="DPS_Flag" key="false" type="Boolean" length="3" precision="" nullable="true" comment=""/>
            <column name="CDE_School_Number" key="false" type="Integer" length="10" precision="" nullable="true" comment=""/>
            <column name="CDE_Minimum_Grade_Taught" key="false" type="String" length="10" precision="" nullable="true" comment=""/>
            <column name="CDE_Maximum_Grade_Taught" key="false" type="String" length="10" precision="" nullable="true" comment=""/>
            <column name="SOR_ID" key="false" type="int" length="10" precision="" nullable="false" comment=""/>
            <column name="DI_Job_ID" key="false" type="String" length="20" precision="" nullable="true" comment=""/>
            <column name="DI_Create_Date" key="false" type="java.util.Date" length="26" precision="" nullable="false" comment=""/>
            <column name="DI_Modified_Date" key="false" type="java.util.Date" length="26" precision="" nullable="false" comment=""/>
          </schema>
        </schemas>
      </component>
      <component icon="pictures/tDBOutput_2.png" uniqueName="tDBOutput_2" label="__TABLE__">
        <input link="tMap_1">tMap_1</input>
        <input link="tFileInputDelimited_1">tFileInputDelimited_1</input>
        <input link="tDBInput_2">tDBInput_2</input>
        <input link="tDBInput_3">tDBInput_3</input>
        <input link="tDBInput_4">tDBInput_4</input>
        <output>none</output>
        <componentType>tMysqlOutput</componentType>
        <parameters>
          <column name="Database" value="tMysqlOutput"/>
          <column name="Unique Name" value="tDBOutput_2"/>
          <column name="Component Name" value="tMysqlOutput"/>
          <column name="Version" value="0.102 (ALPHA)"/>
          <column name="Family" value="Databases/DB Specifics/MySQL"/>
          <column name="Startable" value="false"/>
          <column name="SUBTREE_START" value="false"/>
          <column name="END_OF_FLOW" value="true"/>
          <column name="Activate" value="true"/>
          <column name="DUMMY" value="false"/>
          <column name="tStatCatcher Statistics" value="false"/>
          <column name="Help" value="org.talend.help.tMysqlOutput"/>
          <column name="Update components" value="true"/>
          <column name="IREPORT_PATH" value=""/>
          <column name="JAVA_LIBRARY_PATH" value="C:\Program Files (x86)\Talend-Studio\studio\configuration\lib\java"/>
          <column name="Subjob color" value=""/>
          <column name="Title color" value=""/>
          <column name="Enable parallel execution" value="false"/>
          <column name="Number of parallel executions" value="2"/>
          <column name="PARALLELIZE_KEEP_EMPTY" value="false"/>
          <column name="Property Type" value="repository: DB (MYSQL):schools_dw"/>
          <column name="DB Version" value="MYSQL_8"/>
          <column name="Use an existing connection" value="false"/>
          <column name="Component List" value=""/>
          <column name="Database Driver" value="MYSQL"/>
          <column name="Host" value="&quot;localhost&quot;"/>
          <column name="Port" value="&quot;3306&quot;"/>
          <column name="Database" value="&quot;schools_dw&quot;"/>
          <column name="Username" value="&quot;root&quot;"/>
          <column name="Password" value="*********"/>
          <column name="Table" value="&quot;dim_geo&quot;"/>
          <column name="Action on table" value="NONE"/>
          <column name="Action on data" value="INSERT"/>
          <column name="REPOSITORY_ALLOW_AUTO_SWITCH" value="true"/>
          <column name="Schema" value="Built-In"/>
          <column name="Reject Schema" value="Built-In"/>
          <column name="Specify a data source alias" value="false"/>
          <column name="Data source alias" value="&quot;&quot;"/>
          <column name="Die on error" value="false"/>
          <column name="Mapping" value="mysql_id"/>
          <column name="Additional JDBC Parameters" value="&quot;noDatetimeStringSync=true&amp;useSSL=False&quot;"/>
          <column name="Extend Insert" value="true"/>
          <column name="Number of rows per insert" value="100"/>
          <column name="Use Batch Size" value="true"/>
          <column name="Batch Size" value="10000"/>
          <column name="Encoding" value="&quot;ISO-8859-15&quot;"/>
          <column name="Commit every" value="10000"/>
          <column name="Additional columns" value="[]"/>
          <column name="Use field options" value="false"/>
          <column name="Field options" value="[{SCHEMA_COLUMN=geo_sk, UPDATE_KEY=false, DELETE_KEY=false, UPDATABLE=true, INSERTABLE=true}, {SCHEMA_COLUMN=city, UPDATE_KEY=false, DELETE_KEY=false, UPDATABLE=true, INSERTABLE=true}, {SCHEMA_COLUMN=state, UPDATE_KEY=false, DELETE_KEY=false, UPDATABLE=true, INSERTABLE=true}, {SCHEMA_COLUMN=statecode, UPDATE_KEY=false, DELETE_KEY=false, UPDATABLE=true, INSERTABLE=true}, {SCHEMA_COLUMN=country, UPDATE_KEY=false, DELETE_KEY=false, UPDATABLE=true, INSERTABLE=true}, {SCHEMA_COLUMN=SOR_ID, UPDATE_KEY=false, DELETE_KEY=false, UPDATABLE=true, INSERTABLE=true}, {SCHEMA_COLUMN=DI_Job_ID, UPDATE_KEY=false, DELETE_KEY=false, UPDATABLE=true, INSERTABLE=true}, {SCHEMA_COLUMN=DI_Create_Date, UPDATE_KEY=false, DELETE_KEY=false, UPDATABLE=true, INSERTABLE=true}, {SCHEMA_COLUMN=DI_Modified_Date, UPDATE_KEY=false, DELETE_KEY=false, UPDATABLE=true, INSERTABLE=true}]"/>
          <column name="Use Hint Options" value="false"/>
          <column name="Hint Options" value="[]"/>
          <column name="Enable debug mode" value="false"/>
          <column name="Use duplicate key update mode insert" value="false"/>
          <column name="DUPLICATED_KEYS" value="[]"/>
          <column name="Support null in &quot;SQL WHERE&quot; statement" value="false"/>
          <column name="Label format" value="__TABLE__"/>
          <column name="Hint format" value="&lt;b&gt;__UNIQUE_NAME__&lt;/b&gt;&lt;br&gt;__COMMENT__"/>
          <column name="Connection format" value="row"/>
          <column name="Show Information" value="false"/>
          <column name="Comment" value=""/>
          <column name="Use an existing validation rule" value="false"/>
          <column name="Validation Rule Type" value=""/>
        </parameters>
        <schemas>
          <schema name="dim_geo">
            <column name="geo_sk" key="true" type="int" length="10" precision="" nullable="false" comment=""/>
            <column name="city" key="false" type="String" length="50" precision="" nullable="true" comment=""/>
            <column name="state" key="false" type="String" length="50" precision="" nullable="true" comment=""/>
            <column name="statecode" key="false" type="String" length="3" precision="" nullable="true" comment=""/>
            <column name="country" key="false" type="String" length="50" precision="" nullable="true" comment=""/>
            <column name="SOR_ID" key="false" type="int" length="10" precision="" nullable="false" comment=""/>
            <column name="DI_Job_ID" key="false" type="String" length="20" precision="" nullable="true" comment=""/>
            <column name="DI_Create_Date" key="false" type="java.util.Date" length="26" precision="" nullable="false" comment=""/>
            <column name="DI_Modified_Date" key="false" type="java.util.Date" length="26" precision="" nullable="false" comment=""/>
          </schema>
        </schemas>
      </component>
      <component icon="pictures/tFileInputDelimited_1.png" uniqueName="tFileInputDelimited_1" label="cde_school_crossref">
        <input>none</input>
        <output link="tMap_1">tMap_1</output>
        <componentType>tFileInputDelimited</componentType>
        <parameters>
          <column name="Unique Name" value="tFileInputDelimited_1"/>
          <column name="Component Name" value="tFileInputDelimited"/>
          <column name="Version" value="0.102 (ALPHA)"/>
          <column name="Family" value="File/Input"/>
          <column name="Start" value="false"/>
          <column name="Startable" value="true"/>
          <column name="SUBTREE_START" value="false"/>
          <column name="END_OF_FLOW" value="false"/>
          <column name="Activate" value="true"/>
          <column name="DUMMY" value="false"/>
          <column name="tStatCatcher Statistics" value="false"/>
          <column name="Help" value="org.talend.help.tFileInputDelimited"/>
          <column name="Update components" value="true"/>
          <column name="IREPORT_PATH" value=""/>
          <column name="JAVA_LIBRARY_PATH" value="C:\Program Files (x86)\Talend-Studio\studio\configuration\lib\java"/>
          <column name="Subjob color" value=""/>
          <column name="Title color" value=""/>
          <column name="Enable parallel execution" value="false"/>
          <column name="Number of parallel executions" value="2"/>
          <column name="PARALLELIZE_KEEP_EMPTY" value="false"/>
          <column name="Property Type" value="repository: DELIM:cde_school_crossref"/>
          <column name="REPOSITORY_ALLOW_AUTO_SWITCH" value="true"/>
          <column name="Schema" value="Built-In"/>
          <column name="File name/Stream" value="&quot;C:/Users/vaibh/OneDrive/Desktop/INFO7290/Project/cde_school_cross_ref.csv&quot;"/>
          <column name="CSV options" value="false"/>
          <column name="Row Separator" value="&quot;\n&quot;"/>
          <column name="CSV Row Separator" value="&quot;\n&quot;"/>
          <column name="Field Separator" value="&quot;,&quot;"/>
          <column name="Escape char" value="&quot;&quot;&quot;"/>
          <column name="Text enclosure" value="&quot;&quot;&quot;"/>
          <column name="Header" value="1"/>
          <column name="Footer" value="0"/>
          <column name="Limit" value=""/>
          <column name="Skip empty rows" value="false"/>
          <column name="Uncompress as zip file" value="false"/>
          <column name="Die on error" value="false"/>
          <column name="Schema" value="Built-In"/>
          <column name="!!!TEMP_DIR.NAME!!!" value="&quot;C:/Users/vaibh/workspace&quot;"/>
          <column name="Advanced separator (for numbers)" value="false"/>
          <column name="Thousands separator" value="&quot;,&quot;"/>
          <column name="Decimal separator" value="&quot;.&quot;"/>
          <column name="Extract lines at random" value="false"/>
          <column name="Number of lines" value="10"/>
          <column name="Trim all columns" value="false"/>
          <column name="Check column to trim" value="[{SCHEMA_COLUMN=School_Id, TRIM=false}, {SCHEMA_COLUMN=School_Number, TRIM=false}, {SCHEMA_COLUMN=CDE_School_Id, TRIM=false}, {SCHEMA_COLUMN=CDE_School_Number, TRIM=false}]"/>
          <column name="Check each row structure against schema" value="false"/>
          <column name="Check date" value="false"/>
          <column name="Encoding" value="&quot;UTF-8&quot;"/>
          <column name="Split row before field" value="false"/>
          <column name="Permit hexadecimal (0xNNN) or octal (0NNNN) for numeric types" value="false"/>
          <column name="Decode table" value="[{SCHEMA_COLUMN=School_Id, DECODE=false}, {SCHEMA_COLUMN=School_Number, DECODE=false}, {SCHEMA_COLUMN=CDE_School_Id, DECODE=false}, {SCHEMA_COLUMN=CDE_School_Number, DECODE=false}]"/>
          <column name="!!!DESTINATION.NAME!!!" value=""/>
          <column name="Min column number of optimize code" value="100"/>
          <column name="Label format" value="cde_school_crossref"/>
          <column name="Hint format" value="&lt;b&gt;__UNIQUE_NAME__&lt;/b&gt;&lt;br&gt;__COMMENT__"/>
          <column name="Connection format" value="row"/>
          <column name="Show Information" value="false"/>
          <column name="Comment" value=""/>
          <column name="Use an existing validation rule" value="false"/>
          <column name="Validation Rule Type" value=""/>
        </parameters>
        <schemas>
          <schema name="metadata">
            <column name="School_Id" key="true" type="Integer" length="" precision="" nullable="true" comment=""/>
            <column name="School_Number" key="false" type="Integer" length="" precision="" nullable="true" comment=""/>
            <column name="CDE_School_Id" key="false" type="Integer" length="" precision="" nullable="true" comment=""/>
            <column name="CDE_School_Number" key="false" type="Integer" length="" precision="" nullable="true" comment=""/>
          </schema>
        </schemas>
      </component>
    </internalNodeComponents>
    <externalNodeComponents>
      <component icon="pictures/tMap_1.png" uniqueName="tMap_1" label="__UNIQUE_NAME__" preview="pictures/external_preview_tMap_1.png">
        <input link="tMap_1">tMap_1</input>
        <input link="tFileInputDelimited_1">tFileInputDelimited_1</input>
        <input link="tDBInput_2">tDBInput_2</input>
        <input link="tDBInput_3">tDBInput_3</input>
        <input link="tDBInput_4">tDBInput_4</input>
        <output link="tDBOutput_1">tDBOutput_1</output>
        <output link="tDBOutput_2">tDBOutput_2</output>
        <componentType>tMap</componentType>
        <!--tMap_1-->
      </component>
    </externalNodeComponents>
    <connections>
      <connection label="row1" lineStyle="0" metaname="tDBInput_1" offsetLabelX="0" offsetLabelY="0" source="tDBInput_1" target="tMap_1"/>
      <connection label="sw" lineStyle="0" metaname="sw" offsetLabelX="0" offsetLabelY="0" source="tMap_1" target="tDBOutput_1"/>
      <connection label="sw_geo" lineStyle="0" metaname="sw_geo" offsetLabelX="0" offsetLabelY="0" source="tMap_1" target="tDBOutput_2"/>
      <connection label="row2" lineStyle="8" metaname="tFileInputDelimited_1" offsetLabelX="0" offsetLabelY="0" source="tFileInputDelimited_1" target="tMap_1"/>
      <connection label="row3" lineStyle="8" metaname="tDBInput_2" offsetLabelX="0" offsetLabelY="0" source="tDBInput_2" target="tMap_1"/>
      <connection label="row4" lineStyle="8" metaname="tDBInput_3" offsetLabelX="0" offsetLabelY="0" source="tDBInput_3" target="tMap_1"/>
      <connection label="row5" lineStyle="8" metaname="tDBInput_4" offsetLabelX="0" offsetLabelY="0" source="tDBInput_4" target="tMap_1"/>
    </connections>
  </job>
</project>
