<?xml version="1.1" encoding="UTF-8"?>

<project i18n.job.generated.documetation="Generated documentation" i18n.job.project.name="Project Name" i18n.job.generated.date="GENERATION DATE" i18n.job.author="AUTHOR" i18n.job.summary="Summary" i18n.job.project.description="Project Description" i18n.job.job.description="Description" i18n.job.job.preview.picture="Preview Picture" i18n.job.job.setting="Settings" i18n.job.context.list="Context List" i18n.job.component.list="Component List" i18n.job.components.description="Components Description" i18n.job.source.code="Source Code" i18n.job.properties="Properties" i18n.job.values="Values" i18n.job.name="Name" i18n.job.language="Language" i18n.job.description="Description" i18n.job.author.min="Author" i18n.job.version="Version" i18n.job.purpose="Purpose" i18n.job.status="Status" i18n.job.creation="Creation" i18n.job.modification="Modification" i18n.job.extract.settings="Extra settings" i18n.job.value="Value" i18n.job.stats.logs="Status &amp; Logs" i18n.job.context="Context" i18n.job.promt="Prompt" i18n.job.need.promt="Need Prompt?" i18n.job.type="Type" i18n.job.source="Source" i18n.job.component.name="Component Name" i18n.job.component.type="Component Type" i18n.job.component="Component" i18n.job.unique.name="UNIQUE NAME" i18n.job.input="INPUT(S)" i18n.job.label="LABEL" i18n.job.output="OUTPUT(S)" i18n.job.component.parameters="Component Parameters:" i18n.job.schema.for="Schema for " i18n.job.column="Column" i18n.job.key="Key" i18n.job.length="Length" i18n.job.precision="Precision" i18n.job.nullable="Nullable" i18n.job.comment="Comment" i18n.job.original.function.parameters="Original Function Parameters:" i18n.job.ended="ended" i18n.job.content="content" i18n.route.manifest.type="Type" i18n.route.manifest.value="Value" i18n.route.resource.name="Name" i18n.route.resource.version="Version" i18n.route.resource.path="Path" name="Project_DWBI" logo="pictures/logo.jpg" title="Generated by Talend Real-time Big Data Platform" link="http://www.talend.com" language="java" generatedDate="Dec 10, 2019 11:38:15 PM" versionName="Talend Real-time VERSION " version="7.1.1.20181026_1147" docType="Jobs" company="">
  <pro-description><![CDATA[]]></pro-description>
  <job name="dim_students_se" author="user@talend.com" i18n.job.extract.settings.type="i18n.job.extract.settings" i18n.job.stats.logs.type="i18n.job.stats.logs" version="0.1" purpose="" status="" creation="Dec 10, 2019 2:58:45 AM" modification="Dec 10, 2019 5:47:36 PM">
    <description><![CDATA[<br/>]]></description>
    <preview picture="pictures/dim_students_se_0.1.png"/>
    <contextList>
      <context name="Default"/>
    </contextList>
    <jobSetting>
      <extra>
        <jobParameter name="COMP_DEFAULT_FILE_DIR" value=""/>
        <jobParameter name="Multi thread execution" value="false"/>
        <jobParameter name="Implicit tContextLoad" value="false"/>
      </extra>
      <Statslogs>
        <jobParameter name="Use statistics (tStatCatcher)" value="false"/>
        <jobParameter name="Use logs (tLogCatcher)" value="false"/>
        <jobParameter name="Use volumetrics (tFlowMeterCatcher)" value="false"/>
        <jobParameter name="On Console" value="false"/>
        <jobParameter name="On Files" value="false"/>
        <jobParameter name="On Databases" value="false"/>
        <jobParameter name="Catch components statistics" value="false"/>
        <jobParameter name="Catch runtime errors" value="true"/>
        <jobParameter name="Catch user errors" value="true"/>
        <jobParameter name="Catch user warnings" value="true"/>
      </Statslogs>
    </jobSetting>
    <componentList>
      <componentItem name="tDBInput_1" link="tDBInput_1" type="tPostgresqlInput" leftTopX="224" leftTopY="128" rightBottomX="256" rightBottomY="160"/>
      <componentItem name="tDBInput_2" link="tDBInput_2" type="tPostgresqlInput" leftTopX="224" leftTopY="288" rightBottomX="256" rightBottomY="320"/>
      <componentItem name="tDBInput_3" link="tDBInput_3" type="tPostgresqlInput" leftTopX="256" leftTopY="448" rightBottomX="288" rightBottomY="480"/>
      <componentItem name="tDBOutput_1" link="tDBOutput_1" type="tMysqlOutput" leftTopX="896" leftTopY="128" rightBottomX="928" rightBottomY="160"/>
      <componentItem name="tFileInputDelimited_1" link="tFileInputDelimited_1" type="tFileInputDelimited" leftTopX="192" leftTopY="576" rightBottomX="224" rightBottomY="608"/>
      <componentItem name="tMap_1" link="tMap_1" type="tMap" leftTopX="576" leftTopY="128" rightBottomX="608" rightBottomY="160"/>
    </componentList>
    <internalNodeComponents>
      <component icon="pictures/tDBInput_1.png" uniqueName="tDBInput_1" label="__TABLE__">
        <input>none</input>
        <output link="tMap_1">tMap_1</output>
        <componentType>tPostgresqlInput</componentType>
        <parameters>
          <column name="Database" value="tPostgresqlInput"/>
          <column name="Unique Name" value="tDBInput_1"/>
          <column name="Component Name" value="tPostgresqlInput"/>
          <column name="Version" value="0.102 (ALPHA)"/>
          <column name="Family" value="Databases/DB Specifics/PostgreSQL"/>
          <column name="Start" value="true"/>
          <column name="Startable" value="true"/>
          <column name="SUBTREE_START" value="true"/>
          <column name="END_OF_FLOW" value="false"/>
          <column name="Activate" value="true"/>
          <column name="DUMMY" value="false"/>
          <column name="tStatCatcher Statistics" value="false"/>
          <column name="Help" value="org.talend.help.tPostgresqlInput"/>
          <column name="Update components" value="true"/>
          <column name="IREPORT_PATH" value=""/>
          <column name="JAVA_LIBRARY_PATH" value="C:\Program Files (x86)\Talend-Studio\studio\configuration\lib\java"/>
          <column name="Subjob color" value=""/>
          <column name="Title color" value=""/>
          <column name="Enable parallel execution" value="false"/>
          <column name="Number of parallel executions" value="2"/>
          <column name="PARALLELIZE_KEEP_EMPTY" value="false"/>
          <column name="Property Type" value="repository: DB (POSTGRESQL):schools_se"/>
          <column name="Use an existing connection" value="false"/>
          <column name="Component List" value=""/>
          <column name="DB Version" value="V9_X"/>
          <column name="Host" value="&quot;localhost&quot;"/>
          <column name="Database Driver" value="POSTGRESQL"/>
          <column name="Port" value="&quot;5432&quot;"/>
          <column name="Database" value="&quot;schools_se&quot;"/>
          <column name="Schema" value="&quot;public&quot;"/>
          <column name="Username" value="&quot;postgres&quot;"/>
          <column name="Password" value="*********"/>
          <column name="REPOSITORY_ALLOW_AUTO_SWITCH" value="true"/>
          <column name="Schema" value="Built-In"/>
          <column name="Table Name" value="&quot;students_se&quot;"/>
          <column name="Query Type" value="Built-In"/>
          <column name="Guess Schema" value="&quot;&quot;"/>
          <column name="Query" value="&quot;SELECT 
  \&quot;schools_se\&quot;.\&quot;public\&quot;.\&quot;students_se\&quot;.\&quot;studentid\&quot;, 
  \&quot;schools_se\&quot;.\&quot;public\&quot;.\&quot;students_se\&quot;.\&quot;last_name\&quot;, 
  \&quot;schools_se\&quot;.\&quot;public\&quot;.\&quot;students_se\&quot;.\&quot;first_name\&quot;, 
  \&quot;schools_se\&quot;.\&quot;public\&quot;.\&quot;students_se\&quot;.\&quot;middle_name\&quot;, 
  \&quot;schools_se\&quot;.\&quot;public\&quot;.\&quot;students_se\&quot;.\&quot;generation\&quot;, 
  \&quot;schools_se\&quot;.\&quot;public\&quot;.\&quot;students_se\&quot;.\&quot;language_id\&quot;, 
  \&quot;schools_se\&quot;.\&quot;public\&quot;.\&quot;students_se\&quot;.\&quot;gt_date\&quot;, 
  \&quot;schools_se\&quot;.\&quot;public\&quot;.\&quot;students_se\&quot;.\&quot;iep_date\&quot;, 
  \&quot;schools_se\&quot;.\&quot;public\&quot;.\&quot;students_se\&quot;.\&quot;class_affiliate_id\&quot;, 
  \&quot;schools_se\&quot;.\&quot;public\&quot;.\&quot;students_se\&quot;.\&quot;gender\&quot;, 
  \&quot;schools_se\&quot;.\&quot;public\&quot;.\&quot;students_se\&quot;.\&quot;phone\&quot;, 
  \&quot;schools_se\&quot;.\&quot;public\&quot;.\&quot;students_se\&quot;.\&quot;address\&quot;, 
  \&quot;schools_se\&quot;.\&quot;public\&quot;.\&quot;students_se\&quot;.\&quot;city\&quot;, 
  \&quot;schools_se\&quot;.\&quot;public\&quot;.\&quot;students_se\&quot;.\&quot;state\&quot;, 
  \&quot;schools_se\&quot;.\&quot;public\&quot;.\&quot;students_se\&quot;.\&quot;statecode\&quot;, 
  \&quot;schools_se\&quot;.\&quot;public\&quot;.\&quot;students_se\&quot;.\&quot;postal\&quot;, 
  \&quot;schools_se\&quot;.\&quot;public\&quot;.\&quot;students_se\&quot;.\&quot;latitude\&quot;, 
  \&quot;schools_se\&quot;.\&quot;public\&quot;.\&quot;students_se\&quot;.\&quot;longitude\&quot;, 
  \&quot;schools_se\&quot;.\&quot;public\&quot;.\&quot;students_se\&quot;.\&quot;parent_last_name\&quot;, 
  \&quot;schools_se\&quot;.\&quot;public\&quot;.\&quot;students_se\&quot;.\&quot;parent_first_name\&quot;, 
  \&quot;schools_se\&quot;.\&quot;public\&quot;.\&quot;students_se\&quot;.\&quot;createdate\&quot;, 
  \&quot;schools_se\&quot;.\&quot;public\&quot;.\&quot;students_se\&quot;.\&quot;di_job_id\&quot;, 
  \&quot;schools_se\&quot;.\&quot;public\&quot;.\&quot;students_se\&quot;.\&quot;di_create_date\&quot;
FROM \&quot;schools_se\&quot;.\&quot;public\&quot;.\&quot;students_se\&quot;&quot;"/>
          <column name="Specify a data source alias" value="false"/>
          <column name="Data source alias" value="&quot;&quot;"/>
          <column name="Mapping" value="postgres_id"/>
          <column name="Encoding" value="&quot;ISO-8859-15&quot;"/>
          <column name="Use cursor" value="false"/>
          <column name="Cursor size" value="1000"/>
          <column name="Trim all the String/Char columns" value="false"/>
          <column name="Trim column" value="[{SCHEMA_COLUMN=studentid, TRIM=false}, {SCHEMA_COLUMN=last_name, TRIM=false}, {SCHEMA_COLUMN=first_name, TRIM=false}, {SCHEMA_COLUMN=middle_name, TRIM=false}, {SCHEMA_COLUMN=generation, TRIM=false}, {SCHEMA_COLUMN=language_id, TRIM=false}, {SCHEMA_COLUMN=gt_date, TRIM=false}, {SCHEMA_COLUMN=iep_date, TRIM=false}, {SCHEMA_COLUMN=class_affiliate_id, TRIM=false}, {SCHEMA_COLUMN=gender, TRIM=false}, {SCHEMA_COLUMN=phone, TRIM=false}, {SCHEMA_COLUMN=address, TRIM=false}, {SCHEMA_COLUMN=city, TRIM=false}, {SCHEMA_COLUMN=state, TRIM=false}, {SCHEMA_COLUMN=statecode, TRIM=false}, {SCHEMA_COLUMN=postal, TRIM=false}, {SCHEMA_COLUMN=latitude, TRIM=false}, {SCHEMA_COLUMN=longitude, TRIM=false}, {SCHEMA_COLUMN=parent_last_name, TRIM=false}, {SCHEMA_COLUMN=parent_first_name, TRIM=false}, {SCHEMA_COLUMN=createdate, TRIM=false}, {SCHEMA_COLUMN=di_job_id, TRIM=false}, {SCHEMA_COLUMN=di_create_date, TRIM=false}]"/>
          <column name="Label format" value="__TABLE__"/>
          <column name="Hint format" value="&lt;b&gt;__UNIQUE_NAME__&lt;/b&gt;&lt;br&gt;__COMMENT__"/>
          <column name="Connection format" value="row"/>
          <column name="Show Information" value="false"/>
          <column name="Comment" value=""/>
          <column name="Use an existing validation rule" value="false"/>
          <column name="Validation Rule Type" value=""/>
        </parameters>
        <schemas>
          <schema name="students_se">
            <column name="studentid" key="true" type="int" length="10" precision="" nullable="false" comment=""/>
            <column name="last_name" key="false" type="String" length="150" precision="" nullable="true" comment=""/>
            <column name="first_name" key="false" type="String" length="150" precision="" nullable="true" comment=""/>
            <column name="middle_name" key="false" type="String" length="150" precision="" nullable="true" comment=""/>
            <column name="generation" key="false" type="String" length="10" precision="" nullable="true" comment=""/>
            <column name="language_id" key="false" type="Integer" length="10" precision="" nullable="true" comment=""/>
            <column name="gt_date" key="false" type="java.util.Date" length="26" precision="3" nullable="true" comment=""/>
            <column name="iep_date" key="false" type="java.util.Date" length="26" precision="3" nullable="true" comment=""/>
            <column name="class_affiliate_id" key="false" type="Integer" length="10" precision="" nullable="true" comment=""/>
            <column name="gender" key="false" type="String" length="1" precision="" nullable="true" comment=""/>
            <column name="phone" key="false" type="String" length="50" precision="" nullable="true" comment=""/>
            <column name="address" key="false" type="String" length="50" precision="" nullable="true" comment=""/>
            <column name="city" key="false" type="String" length="50" precision="" nullable="true" comment=""/>
            <column name="state" key="false" type="String" length="50" precision="" nullable="true" comment=""/>
            <column name="statecode" key="false" type="String" length="3" precision="" nullable="true" comment=""/>
            <column name="postal" key="false" type="Integer" length="10" precision="" nullable="true" comment=""/>
            <column name="latitude" key="false" type="BigDecimal" length="28" precision="10" nullable="true" comment=""/>
            <column name="longitude" key="false" type="BigDecimal" length="28" precision="10" nullable="true" comment=""/>
            <column name="parent_last_name" key="false" type="String" length="50" precision="" nullable="true" comment=""/>
            <column name="parent_first_name" key="false" type="String" length="50" precision="" nullable="true" comment=""/>
            <column name="createdate" key="false" type="java.util.Date" length="26" precision="3" nullable="true" comment=""/>
            <column name="di_job_id" key="false" type="String" length="20" precision="" nullable="true" comment=""/>
            <column name="di_create_date" key="false" type="java.util.Date" length="26" precision="3" nullable="false" comment=""/>
          </schema>
        </schemas>
      </component>
      <component icon="pictures/tDBInput_2.png" uniqueName="tDBInput_2" label="__TABLE__">
        <input>none</input>
        <output link="tMap_1">tMap_1</output>
        <componentType>tPostgresqlInput</componentType>
        <parameters>
          <column name="Database" value="tPostgresqlInput"/>
          <column name="Unique Name" value="tDBInput_2"/>
          <column name="Component Name" value="tPostgresqlInput"/>
          <column name="Version" value="0.102 (ALPHA)"/>
          <column name="Family" value="Databases/DB Specifics/PostgreSQL"/>
          <column name="Start" value="false"/>
          <column name="Startable" value="true"/>
          <column name="SUBTREE_START" value="false"/>
          <column name="END_OF_FLOW" value="false"/>
          <column name="Activate" value="true"/>
          <column name="DUMMY" value="false"/>
          <column name="tStatCatcher Statistics" value="false"/>
          <column name="Help" value="org.talend.help.tPostgresqlInput"/>
          <column name="Update components" value="true"/>
          <column name="IREPORT_PATH" value=""/>
          <column name="JAVA_LIBRARY_PATH" value="C:\Program Files (x86)\Talend-Studio\studio\configuration\lib\java"/>
          <column name="Subjob color" value=""/>
          <column name="Title color" value=""/>
          <column name="Enable parallel execution" value="false"/>
          <column name="Number of parallel executions" value="2"/>
          <column name="PARALLELIZE_KEEP_EMPTY" value="false"/>
          <column name="Property Type" value="repository: DB (POSTGRESQL):schools_se"/>
          <column name="Use an existing connection" value="false"/>
          <column name="Component List" value=""/>
          <column name="DB Version" value="V9_X"/>
          <column name="Host" value="&quot;localhost&quot;"/>
          <column name="Database Driver" value="POSTGRESQL"/>
          <column name="Port" value="&quot;5432&quot;"/>
          <column name="Database" value="&quot;schools_se&quot;"/>
          <column name="Schema" value="&quot;public&quot;"/>
          <column name="Username" value="&quot;postgres&quot;"/>
          <column name="Password" value="*********"/>
          <column name="REPOSITORY_ALLOW_AUTO_SWITCH" value="true"/>
          <column name="Schema" value="Built-In"/>
          <column name="Table Name" value="&quot;student_class&quot;"/>
          <column name="Query Type" value="Built-In"/>
          <column name="Guess Schema" value="&quot;&quot;"/>
          <column name="Query" value="&quot;SELECT 
  \&quot;schools_se\&quot;.\&quot;public\&quot;.\&quot;student_class\&quot;.\&quot;class_affiliate_id\&quot;, 
  \&quot;schools_se\&quot;.\&quot;public\&quot;.\&quot;student_class\&quot;.\&quot;class_affiliate\&quot;, 
  \&quot;schools_se\&quot;.\&quot;public\&quot;.\&quot;student_class\&quot;.\&quot;di_job_id\&quot;, 
  \&quot;schools_se\&quot;.\&quot;public\&quot;.\&quot;student_class\&quot;.\&quot;di_create_date\&quot;
FROM \&quot;schools_se\&quot;.\&quot;public\&quot;.\&quot;student_class\&quot;&quot;"/>
          <column name="Specify a data source alias" value="false"/>
          <column name="Data source alias" value="&quot;&quot;"/>
          <column name="Mapping" value="postgres_id"/>
          <column name="Encoding" value="&quot;ISO-8859-15&quot;"/>
          <column name="Use cursor" value="false"/>
          <column name="Cursor size" value="1000"/>
          <column name="Trim all the String/Char columns" value="false"/>
          <column name="Trim column" value="[{SCHEMA_COLUMN=class_affiliate_id, TRIM=false}, {SCHEMA_COLUMN=class_affiliate, TRIM=false}, {SCHEMA_COLUMN=di_job_id, TRIM=false}, {SCHEMA_COLUMN=di_create_date, TRIM=false}]"/>
          <column name="Label format" value="__TABLE__"/>
          <column name="Hint format" value="&lt;b&gt;__UNIQUE_NAME__&lt;/b&gt;&lt;br&gt;__COMMENT__"/>
          <column name="Connection format" value="row"/>
          <column name="Show Information" value="false"/>
          <column name="Comment" value=""/>
          <column name="Use an existing validation rule" value="false"/>
          <column name="Validation Rule Type" value=""/>
        </parameters>
        <schemas>
          <schema name="student_class">
            <column name="class_affiliate_id" key="true" type="int" length="10" precision="" nullable="false" comment=""/>
            <column name="class_affiliate" key="false" type="String" length="50" precision="" nullable="true" comment=""/>
            <column name="di_job_id" key="false" type="String" length="20" precision="" nullable="true" comment=""/>
            <column name="di_create_date" key="false" type="java.util.Date" length="26" precision="3" nullable="false" comment=""/>
          </schema>
        </schemas>
      </component>
      <component icon="pictures/tDBInput_3.png" uniqueName="tDBInput_3" label="__TABLE__">
        <input>none</input>
        <output link="tMap_1">tMap_1</output>
        <componentType>tPostgresqlInput</componentType>
        <parameters>
          <column name="Database" value="tPostgresqlInput"/>
          <column name="Unique Name" value="tDBInput_3"/>
          <column name="Component Name" value="tPostgresqlInput"/>
          <column name="Version" value="0.102 (ALPHA)"/>
          <column name="Family" value="Databases/DB Specifics/PostgreSQL"/>
          <column name="Start" value="false"/>
          <column name="Startable" value="true"/>
          <column name="SUBTREE_START" value="false"/>
          <column name="END_OF_FLOW" value="false"/>
          <column name="Activate" value="true"/>
          <column name="DUMMY" value="false"/>
          <column name="tStatCatcher Statistics" value="false"/>
          <column name="Help" value="org.talend.help.tPostgresqlInput"/>
          <column name="Update components" value="true"/>
          <column name="IREPORT_PATH" value=""/>
          <column name="JAVA_LIBRARY_PATH" value="C:\Program Files (x86)\Talend-Studio\studio\configuration\lib\java"/>
          <column name="Subjob color" value=""/>
          <column name="Title color" value=""/>
          <column name="Enable parallel execution" value="false"/>
          <column name="Number of parallel executions" value="2"/>
          <column name="PARALLELIZE_KEEP_EMPTY" value="false"/>
          <column name="Property Type" value="repository: DB (POSTGRESQL):schools_se"/>
          <column name="Use an existing connection" value="false"/>
          <column name="Component List" value=""/>
          <column name="DB Version" value="V9_X"/>
          <column name="Host" value="&quot;localhost&quot;"/>
          <column name="Database Driver" value="POSTGRESQL"/>
          <column name="Port" value="&quot;5432&quot;"/>
          <column name="Database" value="&quot;schools_se&quot;"/>
          <column name="Schema" value="&quot;public&quot;"/>
          <column name="Username" value="&quot;postgres&quot;"/>
          <column name="Password" value="*********"/>
          <column name="REPOSITORY_ALLOW_AUTO_SWITCH" value="true"/>
          <column name="Schema" value="Built-In"/>
          <column name="Table Name" value="&quot;language&quot;"/>
          <column name="Query Type" value="Built-In"/>
          <column name="Guess Schema" value="&quot;&quot;"/>
          <column name="Query" value="&quot;SELECT 
  \&quot;schools_se\&quot;.\&quot;public\&quot;.\&quot;language\&quot;.\&quot;language_id\&quot;, 
  \&quot;schools_se\&quot;.\&quot;public\&quot;.\&quot;language\&quot;.\&quot;language\&quot;, 
  \&quot;schools_se\&quot;.\&quot;public\&quot;.\&quot;language\&quot;.\&quot;di_job_id\&quot;, 
  \&quot;schools_se\&quot;.\&quot;public\&quot;.\&quot;language\&quot;.\&quot;di_create_date\&quot;
FROM \&quot;schools_se\&quot;.\&quot;public\&quot;.\&quot;language\&quot;&quot;"/>
          <column name="Specify a data source alias" value="false"/>
          <column name="Data source alias" value="&quot;&quot;"/>
          <column name="Mapping" value="postgres_id"/>
          <column name="Encoding" value="&quot;ISO-8859-15&quot;"/>
          <column name="Use cursor" value="false"/>
          <column name="Cursor size" value="1000"/>
          <column name="Trim all the String/Char columns" value="false"/>
          <column name="Trim column" value="[{SCHEMA_COLUMN=language_id, TRIM=false}, {SCHEMA_COLUMN=language, TRIM=false}, {SCHEMA_COLUMN=di_job_id, TRIM=false}, {SCHEMA_COLUMN=di_create_date, TRIM=false}]"/>
          <column name="Label format" value="__TABLE__"/>
          <column name="Hint format" value="&lt;b&gt;__UNIQUE_NAME__&lt;/b&gt;&lt;br&gt;__COMMENT__"/>
          <column name="Connection format" value="row"/>
          <column name="Show Information" value="false"/>
          <column name="Comment" value=""/>
          <column name="Use an existing validation rule" value="false"/>
          <column name="Validation Rule Type" value=""/>
        </parameters>
        <schemas>
          <schema name="language">
            <column name="language_id" key="true" type="int" length="10" precision="" nullable="false" comment=""/>
            <column name="language" key="false" type="String" length="50" precision="" nullable="true" comment=""/>
            <column name="di_job_id" key="false" type="String" length="20" precision="" nullable="true" comment=""/>
            <column name="di_create_date" key="false" type="java.util.Date" length="26" precision="3" nullable="false" comment=""/>
          </schema>
        </schemas>
      </component>
      <component icon="pictures/tDBOutput_1.png" uniqueName="tDBOutput_1" label="__TABLE__">
        <input link="tMap_1">tMap_1</input>
        <input link="tDBInput_2">tDBInput_2</input>
        <input link="tDBInput_3">tDBInput_3</input>
        <input link="tFileInputDelimited_1">tFileInputDelimited_1</input>
        <output>none</output>
        <componentType>tMysqlOutput</componentType>
        <parameters>
          <column name="Database" value="tMysqlOutput"/>
          <column name="Unique Name" value="tDBOutput_1"/>
          <column name="Component Name" value="tMysqlOutput"/>
          <column name="Version" value="0.102 (ALPHA)"/>
          <column name="Family" value="Databases/DB Specifics/MySQL"/>
          <column name="Startable" value="false"/>
          <column name="SUBTREE_START" value="false"/>
          <column name="END_OF_FLOW" value="true"/>
          <column name="Activate" value="true"/>
          <column name="DUMMY" value="false"/>
          <column name="tStatCatcher Statistics" value="false"/>
          <column name="Help" value="org.talend.help.tMysqlOutput"/>
          <column name="Update components" value="true"/>
          <column name="IREPORT_PATH" value=""/>
          <column name="JAVA_LIBRARY_PATH" value="C:\Program Files (x86)\Talend-Studio\studio\configuration\lib\java"/>
          <column name="Subjob color" value=""/>
          <column name="Title color" value=""/>
          <column name="Enable parallel execution" value="false"/>
          <column name="Number of parallel executions" value="2"/>
          <column name="PARALLELIZE_KEEP_EMPTY" value="false"/>
          <column name="Property Type" value="repository: DB (MYSQL):schools_dw"/>
          <column name="DB Version" value="MYSQL_8"/>
          <column name="Use an existing connection" value="false"/>
          <column name="Component List" value=""/>
          <column name="Database Driver" value="MYSQL"/>
          <column name="Host" value="&quot;localhost&quot;"/>
          <column name="Port" value="&quot;3306&quot;"/>
          <column name="Database" value="&quot;schools_dw&quot;"/>
          <column name="Username" value="&quot;root&quot;"/>
          <column name="Password" value="*********"/>
          <column name="Table" value="&quot;dim_students&quot;"/>
          <column name="Action on table" value="NONE"/>
          <column name="Action on data" value="INSERT"/>
          <column name="REPOSITORY_ALLOW_AUTO_SWITCH" value="true"/>
          <column name="Schema" value="Built-In"/>
          <column name="Reject Schema" value="Built-In"/>
          <column name="Specify a data source alias" value="false"/>
          <column name="Data source alias" value="&quot;&quot;"/>
          <column name="Die on error" value="false"/>
          <column name="Mapping" value="mysql_id"/>
          <column name="Additional JDBC Parameters" value="&quot;noDatetimeStringSync=true&amp;useSSL=False&quot;"/>
          <column name="Extend Insert" value="true"/>
          <column name="Number of rows per insert" value="100"/>
          <column name="Use Batch Size" value="true"/>
          <column name="Batch Size" value="10000"/>
          <column name="Encoding" value="&quot;ISO-8859-15&quot;"/>
          <column name="Commit every" value="10000"/>
          <column name="Additional columns" value="[]"/>
          <column name="Use field options" value="false"/>
          <column name="Field options" value="[{SCHEMA_COLUMN=Student_SK, UPDATE_KEY=false, DELETE_KEY=false, UPDATABLE=true, INSERTABLE=true}, {SCHEMA_COLUMN=Student_Id, UPDATE_KEY=false, DELETE_KEY=false, UPDATABLE=true, INSERTABLE=true}, {SCHEMA_COLUMN=ODS_Student_Id, UPDATE_KEY=false, DELETE_KEY=false, UPDATABLE=true, INSERTABLE=true}, {SCHEMA_COLUMN=State_Student_Id, UPDATE_KEY=false, DELETE_KEY=false, UPDATABLE=true, INSERTABLE=true}, {SCHEMA_COLUMN=PermNum, UPDATE_KEY=false, DELETE_KEY=false, UPDATABLE=true, INSERTABLE=true}, {SCHEMA_COLUMN=Last_Name, UPDATE_KEY=false, DELETE_KEY=false, UPDATABLE=true, INSERTABLE=true}, {SCHEMA_COLUMN=First_Name, UPDATE_KEY=false, DELETE_KEY=false, UPDATABLE=true, INSERTABLE=true}, {SCHEMA_COLUMN=Middle_Name, UPDATE_KEY=false, DELETE_KEY=false, UPDATABLE=true, INSERTABLE=true}, {SCHEMA_COLUMN=Generation, UPDATE_KEY=false, DELETE_KEY=false, UPDATABLE=true, INSERTABLE=true}, {SCHEMA_COLUMN=Language_Id, UPDATE_KEY=false, DELETE_KEY=false, UPDATABLE=true, INSERTABLE=true}, {SCHEMA_COLUMN=Language, UPDATE_KEY=false, DELETE_KEY=false, UPDATABLE=true, INSERTABLE=true}, {SCHEMA_COLUMN=GT_Date, UPDATE_KEY=false, DELETE_KEY=false, UPDATABLE=true, INSERTABLE=true}, {SCHEMA_COLUMN=IEP_Date, UPDATE_KEY=false, DELETE_KEY=false, UPDATABLE=true, INSERTABLE=true}, {SCHEMA_COLUMN=Class_Affiliate_ID, UPDATE_KEY=false, DELETE_KEY=false, UPDATABLE=true, INSERTABLE=true}, {SCHEMA_COLUMN=Class_Affiliate, UPDATE_KEY=false, DELETE_KEY=false, UPDATABLE=true, INSERTABLE=true}, {SCHEMA_COLUMN=Gender, UPDATE_KEY=false, DELETE_KEY=false, UPDATABLE=true, INSERTABLE=true}, {SCHEMA_COLUMN=address, UPDATE_KEY=false, DELETE_KEY=false, UPDATABLE=true, INSERTABLE=true}, {SCHEMA_COLUMN=geo_sk, UPDATE_KEY=false, DELETE_KEY=false, UPDATABLE=true, INSERTABLE=true}, {SCHEMA_COLUMN=zipcode, UPDATE_KEY=false, DELETE_KEY=false, UPDATABLE=true, INSERTABLE=true}, {SCHEMA_COLUMN=latitude, UPDATE_KEY=false, DELETE_KEY=false, UPDATABLE=true, INSERTABLE=true}, {SCHEMA_COLUMN=longitude, UPDATE_KEY=false, DELETE_KEY=false, UPDATABLE=true, INSERTABLE=true}, {SCHEMA_COLUMN=SOR_ID, UPDATE_KEY=false, DELETE_KEY=false, UPDATABLE=true, INSERTABLE=true}, {SCHEMA_COLUMN=DI_Job_ID, UPDATE_KEY=false, DELETE_KEY=false, UPDATABLE=true, INSERTABLE=true}, {SCHEMA_COLUMN=DI_Create_Date, UPDATE_KEY=false, DELETE_KEY=false, UPDATABLE=true, INSERTABLE=true}, {SCHEMA_COLUMN=DI_Modified_Date, UPDATE_KEY=false, DELETE_KEY=false, UPDATABLE=true, INSERTABLE=true}]"/>
          <column name="Use Hint Options" value="false"/>
          <column name="Hint Options" value="[]"/>
          <column name="Enable debug mode" value="false"/>
          <column name="Use duplicate key update mode insert" value="false"/>
          <column name="DUPLICATED_KEYS" value="[]"/>
          <column name="Support null in &quot;SQL WHERE&quot; statement" value="false"/>
          <column name="Label format" value="__TABLE__"/>
          <column name="Hint format" value="&lt;b&gt;__UNIQUE_NAME__&lt;/b&gt;&lt;br&gt;__COMMENT__"/>
          <column name="Connection format" value="row"/>
          <column name="Show Information" value="false"/>
          <column name="Comment" value=""/>
          <column name="Use an existing validation rule" value="false"/>
          <column name="Validation Rule Type" value=""/>
        </parameters>
        <schemas>
          <schema name="dim_students">
            <column name="Student_SK" key="true" type="int" length="10" precision="" nullable="false" comment=""/>
            <column name="Student_Id" key="true" type="int" length="10" precision="" nullable="false" comment=""/>
            <column name="ODS_Student_Id" key="false" type="Long" length="19" precision="" nullable="true" comment=""/>
            <column name="State_Student_Id" key="false" type="Long" length="19" precision="" nullable="true" comment=""/>
            <column name="PermNum" key="false" type="Long" length="19" precision="" nullable="true" comment=""/>
            <column name="Last_Name" key="false" type="String" length="150" precision="" nullable="true" comment=""/>
            <column name="First_Name" key="false" type="String" length="150" precision="" nullable="true" comment=""/>
            <column name="Middle_Name" key="false" type="String" length="150" precision="" nullable="true" comment=""/>
            <column name="Generation" key="false" type="String" length="10" precision="" nullable="true" comment=""/>
            <column name="Language_Id" key="false" type="Integer" length="10" precision="" nullable="true" comment=""/>
            <column name="Language" key="false" type="String" length="50" precision="" nullable="true" comment=""/>
            <column name="GT_Date" key="false" type="java.util.Date" length="26" precision="" nullable="true" comment=""/>
            <column name="IEP_Date" key="false" type="java.util.Date" length="26" precision="" nullable="true" comment=""/>
            <column name="Class_Affiliate_ID" key="false" type="Integer" length="10" precision="" nullable="true" comment=""/>
            <column name="Class_Affiliate" key="false" type="String" length="50" precision="" nullable="true" comment=""/>
            <column name="Gender" key="false" type="String" length="1" precision="" nullable="true" comment=""/>
            <column name="address" key="false" type="String" length="50" precision="" nullable="true" comment=""/>
            <column name="geo_sk" key="false" type="Integer" length="10" precision="" nullable="true" comment=""/>
            <column name="zipcode" key="false" type="Integer" length="10" precision="" nullable="true" comment=""/>
            <column name="latitude" key="false" type="BigDecimal" length="28" precision="10" nullable="true" comment=""/>
            <column name="longitude" key="false" type="BigDecimal" length="28" precision="10" nullable="true" comment=""/>
            <column name="SOR_ID" key="false" type="int" length="10" precision="" nullable="false" comment=""/>
            <column name="DI_Job_ID" key="false" type="String" length="20" precision="" nullable="true" comment=""/>
            <column name="DI_Create_Date" key="false" type="java.util.Date" length="26" precision="" nullable="false" comment=""/>
            <column name="DI_Modified_Date" key="false" type="java.util.Date" length="26" precision="" nullable="false" comment=""/>
          </schema>
        </schemas>
      </component>
      <component icon="pictures/tFileInputDelimited_1.png" uniqueName="tFileInputDelimited_1" label="students_crossref">
        <input>none</input>
        <output link="tMap_1">tMap_1</output>
        <componentType>tFileInputDelimited</componentType>
        <parameters>
          <column name="Unique Name" value="tFileInputDelimited_1"/>
          <column name="Component Name" value="tFileInputDelimited"/>
          <column name="Version" value="0.102 (ALPHA)"/>
          <column name="Family" value="File/Input"/>
          <column name="Start" value="false"/>
          <column name="Startable" value="true"/>
          <column name="SUBTREE_START" value="false"/>
          <column name="END_OF_FLOW" value="false"/>
          <column name="Activate" value="true"/>
          <column name="DUMMY" value="false"/>
          <column name="tStatCatcher Statistics" value="false"/>
          <column name="Help" value="org.talend.help.tFileInputDelimited"/>
          <column name="Update components" value="true"/>
          <column name="IREPORT_PATH" value=""/>
          <column name="JAVA_LIBRARY_PATH" value="C:\Program Files (x86)\Talend-Studio\studio\configuration\lib\java"/>
          <column name="Subjob color" value=""/>
          <column name="Title color" value=""/>
          <column name="Enable parallel execution" value="false"/>
          <column name="Number of parallel executions" value="2"/>
          <column name="PARALLELIZE_KEEP_EMPTY" value="false"/>
          <column name="Property Type" value="repository: DELIM:students_crossref"/>
          <column name="REPOSITORY_ALLOW_AUTO_SWITCH" value="true"/>
          <column name="Schema" value="Built-In"/>
          <column name="File name/Stream" value="&quot;C:/Users/vaibh/OneDrive/Desktop/INFO7290/Project/Students_crossref.csv&quot;"/>
          <column name="CSV options" value="false"/>
          <column name="Row Separator" value="&quot;\n&quot;"/>
          <column name="CSV Row Separator" value="&quot;\n&quot;"/>
          <column name="Field Separator" value="&quot;,&quot;"/>
          <column name="Escape char" value="&quot;&quot;&quot;"/>
          <column name="Text enclosure" value="&quot;&quot;&quot;"/>
          <column name="Header" value="1"/>
          <column name="Footer" value="0"/>
          <column name="Limit" value=""/>
          <column name="Skip empty rows" value="false"/>
          <column name="Uncompress as zip file" value="false"/>
          <column name="Die on error" value="false"/>
          <column name="Schema" value="Built-In"/>
          <column name="!!!TEMP_DIR.NAME!!!" value="&quot;C:/Users/vaibh/workspace&quot;"/>
          <column name="Advanced separator (for numbers)" value="false"/>
          <column name="Thousands separator" value="&quot;,&quot;"/>
          <column name="Decimal separator" value="&quot;.&quot;"/>
          <column name="Extract lines at random" value="false"/>
          <column name="Number of lines" value="10"/>
          <column name="Trim all columns" value="false"/>
          <column name="Check column to trim" value="[{SCHEMA_COLUMN=StudentId, TRIM=false}, {SCHEMA_COLUMN=ODS_Student_Id, TRIM=false}, {SCHEMA_COLUMN=State_Student_Id, TRIM=false}, {SCHEMA_COLUMN=PermNum, TRIM=false}]"/>
          <column name="Check each row structure against schema" value="false"/>
          <column name="Check date" value="false"/>
          <column name="Encoding" value="&quot;UTF-8&quot;"/>
          <column name="Split row before field" value="false"/>
          <column name="Permit hexadecimal (0xNNN) or octal (0NNNN) for numeric types" value="false"/>
          <column name="Decode table" value="[{SCHEMA_COLUMN=StudentId, DECODE=false}, {SCHEMA_COLUMN=ODS_Student_Id, DECODE=false}, {SCHEMA_COLUMN=State_Student_Id, DECODE=false}, {SCHEMA_COLUMN=PermNum, DECODE=false}]"/>
          <column name="!!!DESTINATION.NAME!!!" value=""/>
          <column name="Min column number of optimize code" value="100"/>
          <column name="Label format" value="students_crossref"/>
          <column name="Hint format" value="&lt;b&gt;__UNIQUE_NAME__&lt;/b&gt;&lt;br&gt;__COMMENT__"/>
          <column name="Connection format" value="row"/>
          <column name="Show Information" value="false"/>
          <column name="Comment" value=""/>
          <column name="Use an existing validation rule" value="false"/>
          <column name="Validation Rule Type" value=""/>
        </parameters>
        <schemas>
          <schema name="metadata">
            <column name="StudentId" key="true" type="Integer" length="32" precision="" nullable="true" comment=""/>
            <column name="ODS_Student_Id" key="false" type="Long" length="" precision="" nullable="true" comment=""/>
            <column name="State_Student_Id" key="false" type="Long" length="" precision="" nullable="true" comment=""/>
            <column name="PermNum" key="false" type="Long" length="" precision="" nullable="true" comment=""/>
          </schema>
        </schemas>
      </component>
    </internalNodeComponents>
    <externalNodeComponents>
      <component icon="pictures/tMap_1.png" uniqueName="tMap_1" label="__UNIQUE_NAME__" preview="pictures/external_preview_tMap_1.png">
        <input link="tMap_1">tMap_1</input>
        <input link="tDBInput_2">tDBInput_2</input>
        <input link="tDBInput_3">tDBInput_3</input>
        <input link="tFileInputDelimited_1">tFileInputDelimited_1</input>
        <output link="tDBOutput_1">tDBOutput_1</output>
        <componentType>tMap</componentType>
        <!--tMap_1-->
      </component>
    </externalNodeComponents>
    <connections>
      <connection label="row1" lineStyle="0" metaname="tDBInput_1" offsetLabelX="0" offsetLabelY="0" source="tDBInput_1" target="tMap_1"/>
      <connection label="se" lineStyle="0" metaname="se" offsetLabelX="0" offsetLabelY="0" source="tMap_1" target="tDBOutput_1"/>
      <connection label="row2" lineStyle="8" metaname="tDBInput_2" offsetLabelX="0" offsetLabelY="0" source="tDBInput_2" target="tMap_1"/>
      <connection label="row3" lineStyle="8" metaname="tDBInput_3" offsetLabelX="0" offsetLabelY="0" source="tDBInput_3" target="tMap_1"/>
      <connection label="row4" lineStyle="8" metaname="tFileInputDelimited_1" offsetLabelX="0" offsetLabelY="0" source="tFileInputDelimited_1" target="tMap_1"/>
    </connections>
  </job>
</project>
